deck_name,num_founders,founders
247energy.txt,0,[]
actblade.txt,0,[]
actronika.txt,0,[]
adlatusrobotics.txt,0,[]
adlc.txt,4,"[{""name"": ""Of Experience Previous Co"", ""role"": ""Founder"", ""slide"": 21}, {""name"": ""Msc Of"", ""role"": ""Founder"", ""slide"": 21}, {""name"": ""Ucl Isae - Supaero"", ""role"": ""Founder"", ""slide"": 21}, {""name"": ""Steven Van Den Berghe"", ""role"": ""Founder"", ""slide"": 21}]"
aerleum.txt,0,[]
aiblox.txt,0,[]
airbooster.txt,0,[]
aircision.txt,2,"[{""name"": ""Vast Experience In High"", ""role"": ""Founder"", ""slide"": 26}, {""name"": ""Hightechxl Dr"", ""role"": ""Founder"", ""slide"": 26}]"
airthium.txt,0,[]
aithra.txt,0,[]
akryvia.txt,1,"[{""name"": ""Akryvia Confidential"", ""role"": ""Founder"", ""slide"": 10}]"
akvola.txt,2,"[{""name"": ""Of The Board Ex"", ""role"": ""Founder"", ""slide"": 13}, {""name"": ""Johanna Schulz"", ""role"": ""Founder"", ""slide"": 13}]"
alberts.txt,0,[]
aloecell.txt,4,"[{""name"": ""On Startup Past Startup"", ""role"": ""Founder"", ""slide"": 4}, {""name"": ""Kota Rajasthan"", ""role"": ""Founder"", ""slide"": 4}, {""name"": ""Erik Azulay"", ""role"": ""Founder"", ""slide"": 4}, {""name"": ""Tushar Joshi"", ""role"": ""Founder"", ""slide"": 4}]"
alouette.txt,23,"[{""name"": ""Alouette"", ""role"": ""Founder"", ""slide"": 1}, {""name"": ""Docteur Normalien-agrégé"", ""role"": ""Founder"", ""slide"": 1}, {""name"": ""Solon Gabriel Jouffrai"", ""role"": ""Founder"", ""slide"": 1}, {""name"": ""Jean Ferre"", ""role"": ""Founder"", ""slide"": 1}, {""name"": ""Faiz Dev Lead Arts"", ""role"": ""Founder"", ""slide"": 1}, {""name"": ""Jacqueline"", ""role"": ""Founder"", ""slide"": 1}, {""name"": ""Document Image"", ""role"": ""Founder"", ""slide"": 1}, {""name"": ""Alouette-alouette- Confidential"", ""role"": ""Founder"", ""slide"": 1}, {""name"": ""Claude Knowledge"", ""role"": ""Founder"", ""slide"": 1}, {""name"": ""Enzo Terrain Knowledge Review"", ""role"": ""Founder"", ""slide"": 1}, {""name"": ""Structure Claude Contextualizing"", ""role"": ""Founder"", ""slide"": 1}, {""name"": ""Claude"", ""role"": ""Founder"", ""slide"": 1}, {""name"": ""Claude Let"", ""role"": ""Founder"", ""slide"": 1}, {""name"": ""Claude Claude"", ""role"": ""Founder"", ""slide"": 1}, {""name"": ""Enzo Hello Enzo Access"", ""role"": ""Founder"", ""slide"": 1}, {""name"": ""Necessary"", ""role"": ""Founder"", ""slide"": 1}, {""name"": ""Enzo Access"", ""role"": ""Founder"", ""slide"": 1}, {""name"": ""Alouette-confidential"", ""role"": ""Founder"", ""slide"": 1}, {""name"": ""Alouette V2 X Product R D"", ""role"": ""Founder"", ""slide"": 1}, {""name"": ""Alouette Monitor"", ""role"": ""Founder"", ""slide"": 1}, {""name"": ""Alouette V2"", ""role"": ""Founder"", ""slide"": 1}, {""name"": ""Centric Advanced Knowledge"", ""role"": ""Founder"", ""slide"": 1}, {""name"": ""Labelled Deeptech"", ""role"": ""Founder"", ""slide"": 1}]"
aloxy.txt,0,[]
altosolution.txt,18,"[{""name"": ""The Industry Www Alto"", ""role"": ""Founder"", ""slide"": 1}, {""name"": ""Alto-solution Com-ceo"", ""role"": ""Founder"", ""slide"": 1}, {""name"": ""Mehdi Berrada-mehdi Berrada Alto-solution"", ""role"": ""Founder"", ""slide"": 1}, {""name"": ""Samuel Heritier"", ""role"": ""Founder"", ""slide"": 1}, {""name"": ""Mehdi Berrada"", ""role"": ""Founder"", ""slide"": 1}, {""name"": ""Laiterie Morocco"", ""role"": ""Founder"", ""slide"": 1}, {""name"": ""Mwe Cimensorie Cimenserie"", ""role"": ""Founder"", ""slide"": 1}, {""name"": ""Centiler Alto"", ""role"": ""Founder"", ""slide"": 1}, {""name"": ""Mauro Pedretti"", ""role"": ""Founder"", ""slide"": 1}, {""name"": ""Co2 Emissions"", ""role"": ""Founder"", ""slide"": 1}, {""name"": ""Ni Pm2 5 Co2"", ""role"": ""Founder"", ""slide"": 1}, {""name"": ""Sol Ct Preview"", ""role"": ""Founder"", ""slide"": 1}, {""name"": ""Prototypes Reduced"", ""role"": ""Founder"", ""slide"": 1}, {""name"": ""Raytracing Effects"", ""role"": ""Founder"", ""slide"": 1}, {""name"": ""Risk Ritches Risk Reduction"", ""role"": ""Founder"", ""slide"": 1}, {""name"": ""Parabolic Alto Solution"", ""role"": ""Founder"", ""slide"": 1}, {""name"": ""Alto Solution"", ""role"": ""Founder"", ""slide"": 1}, {""name"": ""Sol Ct"", ""role"": ""Founder"", ""slide"": 1}]"
altransenergy.txt,2,"[{""name"": ""Deeptech Start"", ""role"": ""Founder"", ""slide"": 1}, {""name"": ""Dr Cornel Ioana"", ""role"": ""Founder"", ""slide"": 1}]"
amethyste.txt,0,[]
amflow.txt,12,"[{""name"": ""Expertise Supervisory Board Am"", ""role"": ""Founder"", ""slide"": 2}, {""name"": ""Peter Weijmarshausen"", ""role"": ""Founder"", ""slide"": 2}, {""name"": ""Dr Adrian"", ""role"": ""Founder"", ""slide"": 2}, {""name"": ""Menno Van Lacum Board"", ""role"": ""Founder"", ""slide"": 2}, {""name"": ""Peter"", ""role"": ""Founder"", ""slide"": 2}, {""name"": ""Liu Phd"", ""role"": ""Founder"", ""slide"": 2}, {""name"": ""Bram Hulshof"", ""role"": ""Founder"", ""slide"": 2}, {""name"": ""Zkm Bram"", ""role"": ""Founder"", ""slide"": 2}, {""name"": ""Monica Moroni"", ""role"": ""Founder"", ""slide"": 2}, {""name"": ""Monica"", ""role"": ""Founder"", ""slide"": 2}, {""name"": ""Git Monica"", ""role"": ""Founder"", ""slide"": 2}, {""name"": ""Nick Janssen"", ""role"": ""Founder"", ""slide"": 2}]"
amiraltechnologies.txt,4,"[{""name"": ""Dr Mazen Alamir"", ""role"": ""Founder"", ""slide"": 7}, {""name"": ""Dr Katia Hilal"", ""role"": ""Founder"", ""slide"": 7}, {""name"": ""Coo Sébastien"", ""role"": ""Founder"", ""slide"": 7}, {""name"": ""Coo Cro"", ""role"": ""Founder"", ""slide"": 7}]"
anabrid.txt,0,[]
ananke.txt,1,"[{""name"": ""Co"", ""role"": ""Founder"", ""slide"": 63}]"
angara.txt,12,"[{""name"": ""Jaap Kalkman Phd Non"", ""role"": ""Founder"", ""slide"": 18}, {""name"": ""Jaap Kalkman"", ""role"": ""Founder"", ""slide"": 18}, {""name"": ""Ed Cherednik"", ""role"": ""Founder"", ""slide"": 18}, {""name"": ""Adq Abu Dhabi"", ""role"": ""Founder"", ""slide"": 18}, {""name"": ""Petra Koselka"", ""role"": ""Founder"", ""slide"": 18}, {""name"": ""Md Business"", ""role"": ""Founder"", ""slide"": 18}, {""name"": ""Val Krivenko"", ""role"": ""Founder"", ""slide"": 18}, {""name"": ""Peter Petrov"", ""role"": ""Founder"", ""slide"": 18}, {""name"": ""Officer Board Director Co"", ""role"": ""Founder"", ""slide"": 19}, {""name"": ""Alex Karavaikin"", ""role"": ""Founder"", ""slide"": 19}, {""name"": ""Ian H Fay Finance Head"", ""role"": ""Founder"", ""slide"": 19}, {""name"": ""Boris Patents"", ""role"": ""Founder"", ""slide"": 19}]"
anisoprint.txt,1,"[{""name"": ""Antonov Ceo And Co"", ""role"": ""Founder"", ""slide"": 61}]"
appsilon.txt,0,[]
aprexsolutions.txt,15,"[{""name"": ""The Control Www Aprex"", ""role"": ""Founder"", ""slide"": 1}, {""name"": ""Pascal Lambert"", ""role"": ""Founder"", ""slide"": 1}, {""name"": ""Nord Guéwen Demare Resp"", ""role"": ""Founder"", ""slide"": 1}, {""name"": ""Augustin Giovinazzo Liliane Djerround"", ""role"": ""Founder"", ""slide"": 1}, {""name"": ""Phd Sarrah"", ""role"": ""Founder"", ""slide"": 1}, {""name"": ""Chouchene Phd Mikael"", ""role"": ""Founder"", ""slide"": 1}, {""name"": ""Augustin Giovinazzo"", ""role"": ""Founder"", ""slide"": 1}, {""name"": ""Mikael Décécures"", ""role"": ""Founder"", ""slide"": 1}, {""name"": ""Resp Admin"", ""role"": ""Founder"", ""slide"": 1}, {""name"": ""Lambert North Guéwen Demares"", ""role"": ""Founder"", ""slide"": 1}, {""name"": ""Ynsect Ynsect"", ""role"": ""Founder"", ""slide"": 1}, {""name"": ""Ca"", ""role"": ""Founder"", ""slide"": 1}, {""name"": ""Roadmap Europe"", ""role"": ""Founder"", ""slide"": 1}, {""name"": ""André"", ""role"": ""Founder"", ""slide"": 1}, {""name"": ""Guinier-54000 Nancy"", ""role"": ""Founder"", ""slide"": 1}]"
aquilae.txt,0,[]
aredox.txt,40,"[{""name"": ""-- Slide --- Proposition Of Value In An Aredox System An Innovative Technology Used In The Storing Of L Electricity --- Slide --- Application File Name Of Your Start-up Or Scale-up Aredox Sas Name Of The Company Aredox Sas Address 3 Rue Des Biches 74100 Ville-la-grand France Creation Date 27 07 2016 Legal Structure Simplified Simplified Joint Stock Capital 12 259 Aredox Offers A New Concept Of Electricity Storage By A Metal Electrolysis Process Electrowinning Process Using Reversible Technology With An Electrode"", ""role"": ""Founder"", ""slide"": 1}, {""name"": ""Electrolyte Design Patented Electrolyte Key Figures Electricity Producers Applications Limitation Of Consumption Peaks Isolated Micro -hydraulic Etc. Size - Electric Storage 50kwh For Domestic Applications - Storage 200kwh For Applications On Isolated Sites Ex -african Villages - 20mwh Storage For Networks For The Production Sites Of Renewable Energy Energy Solar Vents 2020 2021 2022 2023 Ca 25 118 465 35515 Net Result -592 -1 128 5 219 Capitale 157 4 565 3 437 10 656 Effective 3 5 13 28 4 4 Aredox Sas --- Slide --- Application File Name Of Your Start-up Or Scale-up 5 Electro-chemical"", ""role"": ""Founder"", ""slide"": 1}, {""name"": ""Chemical Analyzes Laboratory R D Technician Electrical Development Technician Measures"", ""role"": ""Founder"", ""slide"": 1}, {""name"": ""Automation Q1 Q1 Q3 2021 Operating Director Experience In Electrical Storage Supervision Of The Commercial Manager Commercial Manager European"", ""role"": ""Founder"", ""slide"": 1}, {""name"": ""International Personal Production Operators 5 6 Persons Commercial Assistant Provided Reinforcement Of The Aredox Sas Team --- Slide --- Application File Name Of Your Start-up Or Scale-up A New Approach To Electric Storage Genesis Asked About Which Energy Processes Energy-consuming"", ""role"": ""Founder"", ""slide"": 1}, {""name"": ""Why Are They Not Reversible The Electrochemical Process Called In English Electrowinning Is Used To Transform The Ion Metal Into A Solid Metal Of High Purity This Dissolved Metal In An Electrolyte Is Deposited On A Cathode Electrode Into A Solid"", ""role"": ""Founder"", ""slide"": 1}, {""name"": ""This Deposit Consumes Large Quantities Of Electricity Kwh Our Idea To Make These Electrochemical Processes Reversible Perfected"", ""role"": ""Founder"", ""slide"": 1}, {""name"": ""Improved From Old Industrial Metallurgical Processes Over 200 Years Old In An Easily Reproducible"", ""role"": ""Founder"", ""slide"": 1}, {""name"": ""Financially Very Profitable Electrical Storage System 6 Aredox Sas --- Slide --- Application File Name Of Your Start-up Or Scale-up An Example The Current System Of Electrometallurgie Du Copper Very Envirovore 7 Aredox Sas --- Slide- Your Start-up Or Scale-up 8 An Example The Current System Of Electrometallurgie Of Very Energy-consuming Copper Electrolytic Depot In An Industrial Unit Aredox Sas --- Slide --- Application File Name Of Your Start-up Or Scale-up Current Systems Of Electrochemical Depot 9 Aredox Sas --- Slide- Start-up Or Scale-up Presentation Of Aredox 10 Technology The Originities Of Our Process Lies In Its Continuous Technical Design Electrolyte Circulation"", ""role"": ""Founder"", ""slide"": 1}, {""name"": ""The Main Key Lies In The Electrochemical Process With A Dissolved Reaction Product Without Sulphate Of The Negative Electrode With The Consequence Of A Lifespan Increased To 8000 Cycles Without Maintenance Which Greatly Decreases Depreciation Times Description Sas --- Slide --- Application File Name Of Your Start-up Or Scale-up Presentation Of The Aredox 11 Aredox Sas Technology --- Slide --- Application File Name Of Your Start-up Or Scale-up Presentation Of The Aredox 12 Aredox Sas Technology --- Slide --- Application File Name Of Your Start-up Or Scale-up Aredox Sas --- Slide --- Application File Name Of Your Start-up Or Scale-up Advantages Of Aredox 14 Aredox Sas"", ""role"": ""Founder"", ""slide"": 1}, {""name"": ""80 D Technology"", ""role"": ""Founder"", ""slide"": 1}, {""name"": ""80 Of Efficiency --- Slide --- Application File Name Of Your Start-up Or Scale-up 15 The Unit Cells Used In Current Prototypes In Our Laboratory The Unit Cells Used In Current Prototypes In Our Laboratory"", ""role"": ""Founder"", ""slide"": 1}, {""name"": ""2 7kwh 2 7kwh Ett 2 7kwh 2 7k Wh Aredox Sas --- Slide --- Application File Name Of Your Start-up Or Scale-up 16 The Set Of Cells Mounted In Series In The Current Prototype During Testing In Our Laboratory All The Cells Mounted In Series In The Current Prototype During Testing In Our Laboratory"", ""role"": ""Founder"", ""slide"": 1}, {""name"": ""2 7kwh 2 7kwh Aredox Sas --- Slide- Start-up Or Scale-up 17 The New Design Of A 2 6m 0 9m 1 2m Reactor 1 2m Example On 20 Unit Cells Of 2 7kwh 54kwh Of Energy Stored 2"", ""role"": ""Founder"", ""slide"": 1}, {""name"": ""34m2 Equivalence Of Aredox Sas Electrodes --- Slide --- Application File Name Of Your Start-up Or Scale-up Future Patent Developments At The International 18 Concept Electrodes Coniques Densification Surfaces Form Of The Cathode Sas Cathode Electrode Sas --- Slide --- Application File Name Of Your Start-up Or Scale-up Market Positioning 19 Aredox Sas --- Slide --- Application File Name Of Your Start-up Or Scale-up Main Targets 20 Large Electricity Actors From Electrical Battery Producers. Buildings Aredox Sas --- Slide --- Application File Name Of Your Start-up Or Scale-up 21 An Example Of Aredox Sas --- Slide --- Slide --- Application File Name Of Your Start-up Or Scale-up 22 Aredox Sas --- Slide --- Application File Name Of Your Start-up Or Scale-up Financial Elements. Aredox Sas --- Slide --- Application File Name Of Your Start-up Or Scale-up 24 Aredox Sas Financial Elements Activity Analysis --- Slide --- Application File Name Of Your Start-up Or Scale-up 25 Financial Elements-aredox Sas Financial Analysis --- Slide --- Application File Name Of Your Start-up Or Scale-up 26 Financial Additional Information Aredox Sas --- Slide --- Application File Name Of Your Start-up Or Scale-up Protection Of Intellectual Property Innovation 27 References Depositors Title Pays No Depot Date Date Date Date No International Remement Pa3778fr Russian Poupees Jomi Leman Jehan Jehan Jean- Paul Briffod Electrochimic System For The Storage Of Electrical Energy"", ""role"": ""Founder"", ""slide"": 1}, {""name"": ""Production Production Process Of Hydrogen Production France 1457875 19 08 2014 20 Years Pa3778wo Russian Dolls Jomi Leman Michel Jehan- Paul Briffod Electrochemical Device For The Storage Of Electrical Energy"", ""role"": ""Founder"", ""slide"": 1}, {""name"": ""Hydrogen Production"", ""role"": ""Founder"", ""slide"": 1}, {""name"": ""Hydrogen Production Process International Demands On India Japan Koree Southern Usa Canada Australia Chine Pct Fr2015 05221 027031 25 02 2017 Pa33934fr Chinese Hat Battery Jomi Leman Michel Electrochemical Device For Electric Energy Storage France No. 1556149 30 06 2015 20 Years Cabinet Hecke 10 Rue D Armenie Europole Bp 1537 38025 Grenoble Cedex 01 - Alexandre Talbot Brevalle 22 Avenue Doyen Withen Woul 38024 Grenoble Cedex 01 04 38 21 08 10 In Charge Of The Emilie Dubuisson Dossier References Depositors Title Country No Depot Date Date Deputy International Department Duration S622213fr Emd-g 007emd Gmbacellule Esther Energie Thermodynamic Sciences 49 Impasse De Sevraz 74250 Viuz-en-sallaz Géraven Cell Electrochemical With High Capacity"", ""role"": ""Founder"", ""slide"": 1}, {""name"": ""Low Auto-discharge Charge Process"", ""role"": ""Founder"", ""slide"": 1}, {""name"": ""Discharge Process Of Such A Cell Together Comprising Such A Cell"", ""role"": ""Founder"", ""slide"": 1}, {""name"": ""An Electrolyte France 1 752 186 17 03 2017 2017 Patent License Contract Sold In Aredox On The Part Of Jomi Leman"", ""role"": ""Founder"", ""slide"": 1}, {""name"": ""Esther Aredox Sas --- Slide --- Application File Name Of Your Start-up Or Scale Previous Slide Gives You The State Of Intellectual Protection Deposited By The Founders Of Aredox Who Gave In License To Aredox Industrya Is An Entity Presented To Us By The Engineers"", ""role"": ""Founder"", ""slide"": 1}, {""name"": ""The Management Of The Johncockerill Energy Storage Group Last April We Had Submitted A European Project Called Hindigo H2020 Which Johncockerill Had Taken Leaders By Europe Although It Brought A Very Competitive Solution For The Massive Storage Of Electricity With A Simple"", ""role"": ""Founder"", ""slide"": 1}, {""name"": ""Completely Safe Process For The Total Recyclability Environment Of Electrochemical Equipment"", ""role"": ""Founder"", ""slide"": 1}, {""name"": ""Liquids This File Presented To You Was Developed At The Request Of Managers Of The Seraing Test Center"", ""role"": ""Founder"", ""slide"": 1}, {""name"": ""We Would Be Happy To Continue Our Collaboration With This Very Efficient Team Previously In The Slide 25 We Mentioned A Need Of 7mio Over 5 Years Our Current Proposal In A 1st Stage Would Be A Participation At The Top Of The 3 Mio Per Industriala Necessary For The Development Of Large -dimensional Prototypes In A Future Production Unit In Collaboration With The French Subsidiaries Of The Johncockerill 28 Group --- Slide ---"", ""role"": ""Founder"", ""slide"": 1}, {""name"": ""Slide"", ""role"": ""Founder"", ""slide"": 1}, {""name"": ""Structure Simplified Simplified"", ""role"": ""Founder"", ""slide"": 1}, {""name"": ""Applications Limitation"", ""role"": ""Founder"", ""slide"": 1}, {""name"": ""Capitale"", ""role"": ""Founder"", ""slide"": 1}, {""name"": ""Aredox Sas"", ""role"": ""Founder"", ""slide"": 1}, {""name"": ""Buildings Aredox Sas"", ""role"": ""Founder"", ""slide"": 1}, {""name"": ""Jomi Leman"", ""role"": ""Founder"", ""slide"": 1}, {""name"": ""Jehan Jehan"", ""role"": ""Founder"", ""slide"": 1}, {""name"": ""Paul Briffod Electrochimic"", ""role"": ""Founder"", ""slide"": 1}, {""name"": ""Jomi Leman Michel"", ""role"": ""Founder"", ""slide"": 1}, {""name"": ""Gmbacellule Esther"", ""role"": ""Founder"", ""slide"": 1}, {""name"": ""Esther Aredox Sas"", ""role"": ""Founder"", ""slide"": 1}, {""name"": ""Aredox Industrya"", ""role"": ""Founder"", ""slide"": 1}, {""name"": ""Johncockerill"", ""role"": ""Founder"", ""slide"": 1}]"
arkcapturesolutions.txt,4,"[{""name"": ""Process And Strategy Customer"", ""role"": ""Founder"", ""slide"": 2}, {""name"": ""Coo Key"", ""role"": ""Founder"", ""slide"": 2}, {""name"": ""Samuel Thiry"", ""role"": ""Founder"", ""slide"": 2}, {""name"": ""Cto Aurélien Vantomme"", ""role"": ""Founder"", ""slide"": 2}]"
arkeocean.txt,0,[]
askforthemoon.txt,0,[]
askforthemoon2.txt,0,[]
astriis.txt,0,[]
atmocoat.txt,3,"[{""name"": ""Konstantin Livanov Cto Co"", ""role"": ""Founder"", ""slide"": 15}, {""name"": ""Konstantin Livanov Cto Co-founder"", ""role"": ""Founder"", ""slide"": 15}, {""name"": ""Zamoshchik Coo Co-founder"", ""role"": ""Founder"", ""slide"": 15}]"
avoxt.txt,8,"[{""name"": ""Tim Josten Mechanical"", ""role"": ""Founder"", ""slide"": 12}, {""name"": ""Pascal Van Bakel"", ""role"": ""Founder"", ""slide"": 12}, {""name"": ""John Bell"", ""role"": ""Founder"", ""slide"": 12}, {""name"": ""Hightech Xl"", ""role"": ""Founder"", ""slide"": 12}, {""name"": ""Earl Goetheer"", ""role"": ""Founder"", ""slide"": 12}, {""name"": ""Cto Hightechxl Prof"", ""role"": ""Founder"", ""slide"": 12}, {""name"": ""Scientist Ton Rademaker"", ""role"": ""Founder"", ""slide"": 12}, {""name"": ""Dainora Imk Nait"", ""role"": ""Founder"", ""slide"": 12}]"
awakemobility.txt,0,[]
axfenergy.txt,3,"[{""name"": ""And Automation Robotics Co"", ""role"": ""Founder"", ""slide"": 4}, {""name"": ""Thomas Rogg"", ""role"": ""Founder"", ""slide"": 4}, {""name"": ""Michael Hinzmann"", ""role"": ""Founder"", ""slide"": 4}]"
azteq.txt,6,"[{""name"": ""Pitch Deck"", ""role"": ""Founder"", ""slide"": 3}, {""name"": ""Pitch Deck - Start-up"", ""role"": ""Founder"", ""slide"": 3}, {""name"": ""Kari"", ""role"": ""Founder"", ""slide"": 3}, {""name"": ""Universiteit Van Antwerpen Peter Vandeurzen"", ""role"": ""Founder"", ""slide"": 3}, {""name"": ""Universiteit Ku"", ""role"": ""Founder"", ""slide"": 3}, {""name"": ""Brendon Grunewald"", ""role"": ""Founder"", ""slide"": 3}]"
azteq2.txt,4,"[{""name"": ""Team Koen Vermout Co"", ""role"": ""Founder"", ""slide"": 10}, {""name"": ""Kari"", ""role"": ""Founder"", ""slide"": 10}, {""name"": ""Peter"", ""role"": ""Founder"", ""slide"": 10}, {""name"": ""In Touch Koen Vermout"", ""role"": ""Founder"", ""slide"": 13}]"
batiprint3d.txt,0,[]
beagle.txt,0,[]
bianergy2.txt,3,"[{""name"": ""Acted As The Co"", ""role"": ""Founder"", ""slide"": 8}, {""name"": ""Coo Tim"", ""role"": ""Founder"", ""slide"": 8}, {""name"": ""Energ"", ""role"": ""Founder"", ""slide"": 8}]"
biocide.txt,7,"[{""name"": ""At University Of Paris"", ""role"": ""Founder"", ""slide"": 25}, {""name"": ""Mm"", ""role"": ""Founder"", ""slide"": 25}, {""name"": ""Alexandre Braconnier"", ""role"": ""Founder"", ""slide"": 25}, {""name"": ""Leclercq Bought"", ""role"": ""Founder"", ""slide"": 25}, {""name"": ""Versatel Sa"", ""role"": ""Founder"", ""slide"": 25}, {""name"": ""Leclercq"", ""role"": ""Founder"", ""slide"": 25}, {""name"": ""Joris Maes"", ""role"": ""Founder"", ""slide"": 25}]"
blixt.txt,0,[]
bloom.txt,0,[]
bluepowersynergy.txt,0,[]
bondzai.txt,0,[]
bonidriver.txt,1,"[{""name"": ""Cto Head"", ""role"": ""Founder"", ""slide"": 15}]"
borealesenergy.txt,0,[]
brighterbins.txt,0,[]
brolz.txt,7,"[{""name"": ""And Nuclear Power Plants"", ""role"": ""Founder"", ""slide"": 1}, {""name"": ""Maintenance Maintenance Maintenance Plan Rolling"", ""role"": ""Founder"", ""slide"": 1}, {""name"": ""Historic"", ""role"": ""Founder"", ""slide"": 1}, {""name"": ""Lead Generation"", ""role"": ""Founder"", ""slide"": 1}, {""name"": ""Customer Success Pack"", ""role"": ""Founder"", ""slide"": 1}, {""name"": ""Arr 2025"", ""role"": ""Founder"", ""slide"": 1}, {""name"": ""Resp Marketing"", ""role"": ""Founder"", ""slide"": 1}]"
bulane.txt,0,[]
carbodown.txt,0,[]
carbon8.txt,0,[]
carbyon2.txt,1,"[{""name"": ""Hans De Neve"", ""role"": ""Founder"", ""slide"": 17}]"
chemalive.txt,0,[]
chemicalnewtech.txt,4,"[{""name"": ""Luigi Giannitelli"", ""role"": ""Founder"", ""slide"": 5}, {""name"": ""Lgiannitelli Chemicalnewtech"", ""role"": ""Founder"", ""slide"": 5}, {""name"": ""Beltrami"", ""role"": ""Founder"", ""slide"": 5}, {""name"": ""Paolo"", ""role"": ""Founder"", ""slide"": 5}]"
cilkoa.txt,8,"[{""name"": ""Imagine Every Packaging Paper"", ""role"": ""Founder"", ""slide"": 1}, {""name"": ""Problem 1"", ""role"": ""Founder"", ""slide"": 1}, {""name"": ""--- Gaz H O"", ""role"": ""Founder"", ""slide"": 1}, {""name"": ""Pet Pp-evoh"", ""role"": ""Founder"", ""slide"": 1}, {""name"": ""Monomateriau"", ""role"": ""Founder"", ""slide"": 1}, {""name"": ""Biosourcé"", ""role"": ""Founder"", ""slide"": 1}, {""name"": ""Roadmap Financial"", ""role"": ""Founder"", ""slide"": 1}, {""name"": ""Confidential Diffusion"", ""role"": ""Founder"", ""slide"": 1}]"
cixten.txt,0,[]
clhynn.txt,0,[]
cognifab.txt,0,[]
coldpad.txt,0,[]
coldpad2.txt,7,"[{""name"": ""Structural Work Heavy Loads"", ""role"": ""Founder"", ""slide"": 1}, {""name"": ""Pierre Lhermitte"", ""role"": ""Founder"", ""slide"": 1}, {""name"": ""Steels"", ""role"": ""Founder"", ""slide"": 1}, {""name"": ""Trl9 Trl9"", ""role"": ""Founder"", ""slide"": 1}, {""name"": ""Lourd"", ""role"": ""Founder"", ""slide"": 1}, {""name"": ""Maintenance Cold Pad Maintenance"", ""role"": ""Founder"", ""slide"": 1}, {""name"": ""De Ca"", ""role"": ""Founder"", ""slide"": 1}]"
companionenergy.txt,0,[]
comppair.txt,0,[]
comsens.txt,4,"[{""name"": ""Management Team Entrepreneurs Co"", ""role"": ""Founder"", ""slide"": 3}, {""name"": ""Geert Luyckx"", ""role"": ""Founder"", ""slide"": 3}, {""name"": ""Eu"", ""role"": ""Founder"", ""slide"": 3}, {""name"": ""Geert Luyckx Co-founder"", ""role"": ""Founder"", ""slide"": 3}]"
condugo.txt,0,[]
cosmotech.txt,0,[]
covess.txt,2,"[{""name"": ""Confidential Draft Information Memorandum"", ""role"": ""Founder"", ""slide"": 12}, {""name"": ""Johan De"", ""role"": ""Founder"", ""slide"": 13}]"
credoxys.txt,3,"[{""name"": ""Investments Secured World"", ""role"": ""Founder"", ""slide"": 10}, {""name"": ""Zeiss"", ""role"": ""Founder"", ""slide"": 10}, {""name"": ""Karl Leo"", ""role"": ""Founder"", ""slide"": 10}]"
ctrlenergy.txt,2,"[{""name"": ""Vision Future Is Off"", ""role"": ""Founder"", ""slide"": 3}, {""name"": ""Adlene Denni - Cto Adlene"", ""role"": ""Founder"", ""slide"": 5}]"
cybus.txt,0,[]
dacma.txt,0,[]
deephawk.txt,5,"[{""name"": ""Years In Full"", ""role"": ""Founder"", ""slide"": 9}, {""name"": ""Tomas Crivelli"", ""role"": ""Founder"", ""slide"": 9}, {""name"": ""Deeptech Entrepreneur"", ""role"": ""Founder"", ""slide"": 9}, {""name"": ""Tomas Crivelli Cofounder"", ""role"": ""Founder"", ""slide"": 13}, {""name"": ""Rue De La Châtaigneraie"", ""role"": ""Founder"", ""slide"": 13}]"
deloq.txt,0,[]
diamfab.txt,5,"[{""name"": ""Ceo Co"", ""role"": ""Founder"", ""slide"": 11}, {""name"": ""Ois Desmarest Christel Galbrun"", ""role"": ""Founder"", ""slide"": 12}, {""name"": ""Coo Of Synapcell"", ""role"": ""Founder"", ""slide"": 12}, {""name"": ""University Professor Grenoble University"", ""role"": ""Founder"", ""slide"": 13}, {""name"": ""David Eon Phd"", ""role"": ""Founder"", ""slide"": 13}]"
dimpora.txt,0,[]
dionymer.txt,18,"[{""name"": ""For Polymers From Bio"", ""role"": ""Founder"", ""slide"": 1}, {""name"": ""Dionymer"", ""role"": ""Founder"", ""slide"": 1}, {""name"": ""Biodechet"", ""role"": ""Founder"", ""slide"": 1}, {""name"": ""Biodegradables Biosourced Biocompatibles Classic Properties"", ""role"": ""Founder"", ""slide"": 1}, {""name"": ""Significant"", ""role"": ""Founder"", ""slide"": 1}, {""name"": ""Storytelling 8"", ""role"": ""Founder"", ""slide"": 1}, {""name"": ""Synergies Opex-capex Transport"", ""role"": ""Founder"", ""slide"": 1}, {""name"": ""Sale"", ""role"": ""Founder"", ""slide"": 1}, {""name"": ""Exp Thomas Hennebel"", ""role"": ""Founder"", ""slide"": 1}, {""name"": ""Aume Sébastien"", ""role"": ""Founder"", ""slide"": 1}, {""name"": ""Serie"", ""role"": ""Founder"", ""slide"": 1}, {""name"": ""Optim Optim Requiments Fermenty"", ""role"": ""Founder"", ""slide"": 1}, {""name"": ""Demo Demo Demo Demo Demot"", ""role"": ""Founder"", ""slide"": 1}, {""name"": ""Pha K"", ""role"": ""Founder"", ""slide"": 1}, {""name"": ""Production Pre-seed"", ""role"": ""Founder"", ""slide"": 1}, {""name"": ""Thomas Hennebel Dionymer"", ""role"": ""Founder"", ""slide"": 1}, {""name"": ""Dionymer Dionymer"", ""role"": ""Founder"", ""slide"": 1}, {""name"": ""Dionymer Uvre Scale-up"", ""role"": ""Founder"", ""slide"": 1}]"
dotocean.txt,0,[]
dragonflypads2.txt,3,"[{""name"": ""Ceo"", ""role"": ""Founder"", ""slide"": 19}, {""name"": ""Cpo Sissel"", ""role"": ""Founder"", ""slide"": 19}, {""name"": ""Yohann"", ""role"": ""Founder"", ""slide"": 19}]"
dronematrix.txt,1,"[{""name"": ""Kevin Logist"", ""role"": ""Founder"", ""slide"": 4}]"
dropslab.txt,2,"[{""name"": ""Meysam Minoufekr"", ""role"": ""Founder"", ""slide"": 1}, {""name"": ""Afzal Software"", ""role"": ""Founder"", ""slide"": 19}]"
dryad.txt,0,[]
ecellix.txt,54,"[{""name"": ""Jerry W Schwartz Jd Llm"", ""role"": ""Founder"", ""slide"": 1}, {""name"": ""Jerry Schwartz"", ""role"": ""Founder"", ""slide"": 1}, {""name"": ""Independent Bod Coinstar Ex"", ""role"": ""Founder"", ""slide"": 14}, {""name"": ""Jd Llm"", ""role"": ""Founder"", ""slide"": 14}, {""name"": ""Jay Kidd"", ""role"": ""Founder"", ""slide"": 14}, {""name"": ""Vc Partner Netapp Brocade"", ""role"": ""Founder"", ""slide"": 14}, {""name"": ""Peter Mueller-bruehl"", ""role"": ""Founder"", ""slide"": 14}, {""name"": ""Kevin"", ""role"": ""Founder"", ""slide"": 14}, {""name"": ""Patrick Mcgrath Phd"", ""role"": ""Founder"", ""slide"": 14}, {""name"": ""Darpa"", ""role"": ""Founder"", ""slide"": 14}, {""name"": ""Chris Venti"", ""role"": ""Founder"", ""slide"": 14}, {""name"": ""Jen Houston"", ""role"": ""Founder"", ""slide"": 14}, {""name"": ""Ken Poppe Cfo"", ""role"": ""Founder"", ""slide"": 14}, {""name"": ""Bill Wiles"", ""role"": ""Founder"", ""slide"": 14}, {""name"": ""Dev David Liddle Vp Corp Dev Jason Schwartz Cso"", ""role"": ""Founder"", ""slide"": 14}, {""name"": ""John Anderson"", ""role"": ""Founder"", ""slide"": 14}, {""name"": ""Rosenwald Jd"", ""role"": ""Founder"", ""slide"": 14}, {""name"": ""Silicon Anodes Proprietary Swell"", ""role"": ""Founder"", ""slide"": 17}, {""name"": ""Jd Llm Founder"", ""role"": ""Founder"", ""slide"": 20}, {""name"": ""Jerry"", ""role"": ""Founder"", ""slide"": 20}, {""name"": ""Tricia"", ""role"": ""Founder"", ""slide"": 20}, {""name"": ""Menlo Park Ca"", ""role"": ""Founder"", ""slide"": 21}, {""name"": ""Ken Oversees"", ""role"": ""Founder"", ""slide"": 21}, {""name"": ""Nasdaq Sbux"", ""role"": ""Founder"", ""slide"": 21}, {""name"": ""Ken"", ""role"": ""Founder"", ""slide"": 21}, {""name"": ""Ken Poppe"", ""role"": ""Founder"", ""slide"": 21}, {""name"": ""Jason Schwartz"", ""role"": ""Founder"", ""slide"": 21}, {""name"": ""Jason"", ""role"": ""Founder"", ""slide"": 21}, {""name"": ""Adam Smith"", ""role"": ""Founder"", ""slide"": 21}, {""name"": ""Realnetworks Jason"", ""role"": ""Founder"", ""slide"": 21}, {""name"": ""Jason Concluded"", ""role"": ""Founder"", ""slide"": 21}, {""name"": ""And As An Award"", ""role"": ""Founder"", ""slide"": 22}, {""name"": ""John Brings"", ""role"": ""Founder"", ""slide"": 22}, {""name"": ""John"", ""role"": ""Founder"", ""slide"": 22}, {""name"": ""Mit John"", ""role"": ""Founder"", ""slide"": 22}, {""name"": ""David Liddle"", ""role"": ""Founder"", ""slide"": 22}, {""name"": ""David"", ""role"": ""Founder"", ""slide"": 22}, {""name"": ""David S"", ""role"": ""Founder"", ""slide"": 22}, {""name"": ""David Later"", ""role"": ""Founder"", ""slide"": 22}, {""name"": ""Tommy Bahama"", ""role"": ""Founder"", ""slide"": 22}, {""name"": ""David Holds"", ""role"": ""Founder"", ""slide"": 22}, {""name"": ""Process And Automation Projects"", ""role"": ""Founder"", ""slide"": 23}, {""name"": ""Chris Ventti"", ""role"": ""Founder"", ""slide"": 23}, {""name"": ""Chris"", ""role"": ""Founder"", ""slide"": 23}, {""name"": ""Jd Mcgeorge School"", ""role"": ""Founder"", ""slide"": 23}, {""name"": ""Of Experience From Early"", ""role"": ""Founder"", ""slide"": 24}, {""name"": ""Brian"", ""role"": ""Founder"", ""slide"": 24}, {""name"": ""Coo Cfo"", ""role"": ""Founder"", ""slide"": 24}, {""name"": ""Snapshot Bio"", ""role"": ""Founder"", ""slide"": 24}, {""name"": ""Toe"", ""role"": ""Founder"", ""slide"": 26}, {""name"": ""Brian Holloway"", ""role"": ""Founder"", ""slide"": 26}, {""name"": ""Jay Rockefeller"", ""role"": ""Founder"", ""slide"": 26}, {""name"": ""Martin S"", ""role"": ""Founder"", ""slide"": 26}, {""name"": ""William Mary"", ""role"": ""Founder"", ""slide"": 26}]"
echemicles.txt,2,"[{""name"": ""Csaba Jan Ky Co"", ""role"": ""Founder"", ""slide"": 11}, {""name"": ""Richard Jones"", ""role"": ""Founder"", ""slide"": 11}]"
eco2grow.txt,0,[]
ecobot.txt,0,[]
ecop.txt,0,[]
edgetech.txt,6,"[{""name"": ""Intelligent Connected Sensors"", ""role"": ""Founder"", ""slide"": 1}, {""name"": ""Reduce"", ""role"": ""Founder"", ""slide"": 1}, {""name"": ""Spectrometer Roadmap"", ""role"": ""Founder"", ""slide"": 1}, {""name"": ""Thomas Oil"", ""role"": ""Founder"", ""slide"": 1}, {""name"": ""Asean Emea"", ""role"": ""Founder"", ""slide"": 1}, {""name"": ""--- Thomas Guillet Edgetech Fr"", ""role"": ""Founder"", ""slide"": 1}]"
edock.txt,1,"[{""name"": ""Bastien Peeters Co"", ""role"": ""Founder"", ""slide"": 22}]"
effectsphotonics.txt,4,"[{""name"": ""Tim Koene Cto Co"", ""role"": ""Founder"", ""slide"": 11}, {""name"": ""Roberto Marcoccia"", ""role"": ""Founder"", ""slide"": 11}, {""name"": ""Tim Koene"", ""role"": ""Founder"", ""slide"": 11}, {""name"": ""Harry Graber"", ""role"": ""Founder"", ""slide"": 11}]"
effitrax.txt,0,[]
ehgroup.txt,3,"[{""name"": ""Leadership Team Alexandre Chainho"", ""role"": ""Founder"", ""slide"": 14}, {""name"": ""Christopher Brandon - Co-founder"", ""role"": ""Founder"", ""slide"": 14}, {""name"": ""Alice Maffezzoli - Business Development"", ""role"": ""Founder"", ""slide"": 14}]"
electriq.txt,0,[]
electrochaea.txt,0,[]
elugie.txt,5,"[{""name"": ""Www Thermaxglobal Com Data"", ""role"": ""Founder"", ""slide"": 6}, {""name"": ""Van Haver"", ""role"": ""Founder"", ""slide"": 6}, {""name"": ""Gm Ir Johan"", ""role"": ""Founder"", ""slide"": 6}, {""name"": ""Verlodt Frank"", ""role"": ""Founder"", ""slide"": 28}, {""name"": ""Park Middelkerke Ecopower - First"", ""role"": ""Founder"", ""slide"": 28}]"
enadyne.txt,1,"[{""name"": ""Enadyne"", ""role"": ""Founder"", ""slide"": 15}]"
enhywhere2.txt,0,[]
enosis.txt,0,[]
enow.txt,17,"[{""name"": ""Application File"", ""role"": ""Founder"", ""slide"": 1}, {""name"": ""Inne Founder Upgraid"", ""role"": ""Founder"", ""slide"": 1}, {""name"": ""Deckers Ludo Founder"", ""role"": ""Founder"", ""slide"": 1}, {""name"": ""Philippe"", ""role"": ""Founder"", ""slide"": 1}, {""name"": ""Nuon"", ""role"": ""Founder"", ""slide"": 1}, {""name"": ""Ludo"", ""role"": ""Founder"", ""slide"": 1}, {""name"": ""Robert Michel Robert Marien Deferm"", ""role"": ""Founder"", ""slide"": 1}, {""name"": ""Frank Valcori"", ""role"": ""Founder"", ""slide"": 1}, {""name"": ""Gaz Oct"", ""role"": ""Founder"", ""slide"": 1}, {""name"": ""The Ma Trise"", ""role"": ""Founder"", ""slide"": 1}, {""name"": ""Receive"", ""role"": ""Founder"", ""slide"": 1}, {""name"": ""Gaz Extendable"", ""role"": ""Founder"", ""slide"": 1}, {""name"": ""Pre"", ""role"": ""Founder"", ""slide"": 1}, {""name"": ""Athlon"", ""role"": ""Founder"", ""slide"": 1}, {""name"": ""Mediaplan"", ""role"": ""Founder"", ""slide"": 1}, {""name"": ""Fire Autos"", ""role"": ""Founder"", ""slide"": 1}, {""name"": ""Luxembourg 1 2"", ""role"": ""Founder"", ""slide"": 1}]"
enprove.txt,0,[]
entent.txt,0,[]
entras.txt,2,"[{""name"": ""Frank Founder"", ""role"": ""Founder"", ""slide"": 3}, {""name"": ""Algorithms Jens Phd"", ""role"": ""Founder"", ""slide"": 3}]"
esnah.txt,0,[]
eternalpower.txt,8,"[{""name"": ""Schwencke Ceo Md Co"", ""role"": ""Founder"", ""slide"": 6}, {""name"": ""Dr Moritz Schwencke"", ""role"": ""Founder"", ""slide"": 6}, {""name"": ""Frank Mastiaux"", ""role"": ""Founder"", ""slide"": 6}, {""name"": ""Allen Hamilton"", ""role"": ""Founder"", ""slide"": 6}, {""name"": ""Robert Meitz Md Co-founder"", ""role"": ""Founder"", ""slide"": 6}, {""name"": ""Joule"", ""role"": ""Founder"", ""slide"": 6}, {""name"": ""Lichtblick Se"", ""role"": ""Founder"", ""slide"": 6}, {""name"": ""Dr Moritz Schwencke Co"", ""role"": ""Founder"", ""slide"": 15}]"
ethernics.txt,0,[]
everysens.txt,0,[]
exanodia.txt,11,"[{""name"": ""For Critical Equipment Controllers"", ""role"": ""Founder"", ""slide"": 1}, {""name"": ""Https Www"", ""role"": ""Founder"", ""slide"": 1}, {""name"": ""Size"", ""role"": ""Founder"", ""slide"": 1}, {""name"": ""Abdennour Slimani - Ilyès Haj Ali Saber"", ""role"": ""Founder"", ""slide"": 1}, {""name"": ""Mansour Mohamed"", ""role"": ""Founder"", ""slide"": 1}, {""name"": ""Houcine Mansour Founder"", ""role"": ""Founder"", ""slide"": 1}, {""name"": ""Samir Brahimi"", ""role"": ""Founder"", ""slide"": 1}, {""name"": ""Licenses Sold"", ""role"": ""Founder"", ""slide"": 1}, {""name"": ""Ca"", ""role"": ""Founder"", ""slide"": 1}, {""name"": ""Houcine Mansour"", ""role"": ""Founder"", ""slide"": 1}, {""name"": ""John Cockerill"", ""role"": ""Founder"", ""slide"": 1}]"
exomatter.txt,0,[]
extracthive.txt,3,"[{""name"": ""Julien Laurent Impakt Advisor"", ""role"": ""Founder"", ""slide"": 5}, {""name"": ""Anyy Further"", ""role"": ""Founder"", ""slide"": 5}, {""name"": ""Julien Impakt-advisor"", ""role"": ""Founder"", ""slide"": 5}]"
farwind.txt,5,"[{""name"": ""Co"", ""role"": ""Founder"", ""slide"": 3}, {""name"": ""Gorintin Msc Marine"", ""role"": ""Founder"", ""slide"": 3}, {""name"": ""Aurélien Babarit"", ""role"": ""Founder"", ""slide"": 3}, {""name"": ""Mohamad Atoui"", ""role"": ""Founder"", ""slide"": 3}, {""name"": ""Vincent Frémont"", ""role"": ""Founder"", ""slide"": 3}]"
fibersail2.txt,0,[]
flasc.txt,3,"[{""name"": ""Team Tonio Sant Co"", ""role"": ""Founder"", ""slide"": 17}, {""name"": ""Robert Farrugia"", ""role"": ""Founder"", ""slide"": 17}, {""name"": ""Anton Bartolo"", ""role"": ""Founder"", ""slide"": 17}]"
flasc2.txt,7,"[{""name"": ""Ftes Daniel Buhagiar Co"", ""role"": ""Founder"", ""slide"": 12}, {""name"": ""Jessica Settino"", ""role"": ""Founder"", ""slide"": 12}, {""name"": ""Robert Farrugia"", ""role"": ""Founder"", ""slide"": 12}, {""name"": ""Anton Bartolo"", ""role"": ""Founder"", ""slide"": 12}, {""name"": ""Martin Van Onna"", ""role"": ""Founder"", ""slide"": 12}, {""name"": ""Paul Chang"", ""role"": ""Founder"", ""slide"": 12}, {""name"": ""Equinor Mevin Kistnassamy Jerome De Richemont"", ""role"": ""Founder"", ""slide"": 12}]"
flyability.txt,0,[]
flyability2.txt,0,[]
followinspiration.txt,4,"[{""name"": ""Has The Experienceand Know"", ""role"": ""Founder"", ""slide"": 5}, {""name"": ""Lu S De Matos"", ""role"": ""Founder"", ""slide"": 5}, {""name"": ""Lu S"", ""role"": ""Founder"", ""slide"": 5}, {""name"": ""Fernando"", ""role"": ""Founder"", ""slide"": 5}]"
forecastyai.txt,2,"[{""name"": ""Peter Mueller Coo"", ""role"": ""Founder"", ""slide"": 18}, {""name"": ""Ralph Debusmann"", ""role"": ""Founder"", ""slide"": 18}]"
fountainfuel.txt,6,"[{""name"": ""Steef Severijn Co"", ""role"": ""Founder"", ""slide"": 32}, {""name"": ""David Pianelli"", ""role"": ""Founder"", ""slide"": 32}, {""name"": ""Coo David"", ""role"": ""Founder"", ""slide"": 32}, {""name"": ""Overhead Low Projected Full"", ""role"": ""Founder"", ""slide"": 33}, {""name"": ""Justin Van Schooneveld"", ""role"": ""Founder"", ""slide"": 46}, {""name"": ""Stefan Verhoeven"", ""role"": ""Founder"", ""slide"": 46}]"
genesink.txt,6,"[{""name"": ""Dr Beatrice"", ""role"": ""Founder"", ""slide"": 21}, {""name"": ""Dr Beatrice-helena"", ""role"": ""Founder"", ""slide"": 21}, {""name"": ""Gmbh Valérie Serradeil"", ""role"": ""Founder"", ""slide"": 21}, {""name"": ""Aaron Michelin"", ""role"": ""Founder"", ""slide"": 21}, {""name"": ""Jacques Seneca"", ""role"": ""Founder"", ""slide"": 21}, {""name"": ""Gemplus Jpg"", ""role"": ""Founder"", ""slide"": 21}]"
genhy.txt,4,"[{""name"": ""Of Experience Within Gen"", ""role"": ""Founder"", ""slide"": 14}, {""name"": ""Founded Gen-hy"", ""role"": ""Founder"", ""slide"": 14}, {""name"": ""Arthur Mofakhami"", ""role"": ""Founder"", ""slide"": 14}, {""name"": ""Marie Curie"", ""role"": ""Founder"", ""slide"": 14}]"
geolith.txt,4,"[{""name"": ""Main Recent References Semi"", ""role"": ""Founder"", ""slide"": 15}, {""name"": ""S Li-capt"", ""role"": ""Founder"", ""slide"": 15}, {""name"": ""Jean"", ""role"": ""Founder"", ""slide"": 24}, {""name"": ""Jean-philippe"", ""role"": ""Founder"", ""slide"": 24}]"
ghyga.txt,0,[]
grandperspective.txt,1,"[{""name"": ""Peter Maas"", ""role"": ""Founder"", ""slide"": 12}]"
gravithy.txt,0,[]
greengentech.txt,21,"[{""name"": ""Bas"", ""role"": ""Founder"", ""slide"": 1}, {""name"": ""Maison Wessman"", ""role"": ""Founder"", ""slide"": 1}, {""name"": ""Green Gen Technologies"", ""role"": ""Founder"", ""slide"": 1}, {""name"": ""Green Gen"", ""role"": ""Founder"", ""slide"": 1}, {""name"": ""A De Fussigny"", ""role"": ""Founder"", ""slide"": 1}, {""name"": ""Wessman"", ""role"": ""Founder"", ""slide"": 1}, {""name"": ""Armagnac"", ""role"": ""Founder"", ""slide"": 1}, {""name"": ""Intelligence Xerfi"", ""role"": ""Founder"", ""slide"": 1}, {""name"": ""Format"", ""role"": ""Founder"", ""slide"": 1}, {""name"": ""Silica"", ""role"": ""Founder"", ""slide"": 1}, {""name"": ""James"", ""role"": ""Founder"", ""slide"": 1}, {""name"": ""Coteaux D"", ""role"": ""Founder"", ""slide"": 1}, {""name"": ""Dunod"", ""role"": ""Founder"", ""slide"": 1}, {""name"": ""Jean Le"", ""role"": ""Founder"", ""slide"": 1}, {""name"": ""Denis Delayre"", ""role"": ""Founder"", ""slide"": 1}, {""name"": ""Bergerac"", ""role"": ""Founder"", ""slide"": 1}, {""name"": ""Mold"", ""role"": ""Founder"", ""slide"": 1}, {""name"": ""Law Commercial"", ""role"": ""Founder"", ""slide"": 1}, {""name"": ""Aldi Wine"", ""role"": ""Founder"", ""slide"": 1}, {""name"": ""--- James De Roany Co-founder"", ""role"": ""Founder"", ""slide"": 1}, {""name"": ""Jordan 3-14-consulting Fr --- Slide"", ""role"": ""Founder"", ""slide"": 1}]"
greenyenergyag.txt,4,"[{""name"": ""Top Tier Utilities Co"", ""role"": ""Founder"", ""slide"": 10}, {""name"": ""Peter Fritzen"", ""role"": ""Founder"", ""slide"": 10}, {""name"": ""Patrick Baumann"", ""role"": ""Founder"", ""slide"": 10}, {""name"": ""Eth Zurich"", ""role"": ""Founder"", ""slide"": 10}]"
grizit.txt,0,[]
grownbio.txt,0,[]
h2sys.txt,3,"[{""name"": ""Bastien Faivre Co"", ""role"": ""Founder"", ""slide"": 15}, {""name"": ""David Wojciechowski"", ""role"": ""Founder"", ""slide"": 15}, {""name"": ""Coo Industrialisation Manufacturing Qhse"", ""role"": ""Founder"", ""slide"": 15}]"
hace.txt,18,"[{""name"": ""Energy In The World"", ""role"": ""Founder"", ""slide"": 1}, {""name"": ""Emr"", ""role"": ""Founder"", ""slide"": 1}, {""name"": ""Modules Taken"", ""role"": ""Founder"", ""slide"": 1}, {""name"": ""Exogreen Cto Kitewinder"", ""role"": ""Founder"", ""slide"": 1}, {""name"": ""Pierre Doutreloux"", ""role"": ""Founder"", ""slide"": 1}, {""name"": ""Jean-luc Barou"", ""role"": ""Founder"", ""slide"": 1}, {""name"": ""Cteur Industriel"", ""role"": ""Founder"", ""slide"": 1}, {""name"": ""Thales Herakles"", ""role"": ""Founder"", ""slide"": 1}, {""name"": ""Rodolphe Bodineau"", ""role"": ""Founder"", ""slide"": 1}, {""name"": ""--- Myriam Maestroni Expert"", ""role"": ""Founder"", ""slide"": 1}, {""name"": ""Bernard Roussely"", ""role"": ""Founder"", ""slide"": 1}, {""name"": ""Nicolas Guignard Specialist"", ""role"": ""Founder"", ""slide"": 1}, {""name"": ""Memos"", ""role"": ""Founder"", ""slide"": 1}, {""name"": ""Mou"", ""role"": ""Founder"", ""slide"": 1}, {""name"": ""Hace Tel"", ""role"": ""Founder"", ""slide"": 1}, {""name"": ""Teaser"", ""role"": ""Founder"", ""slide"": 1}, {""name"": ""Thierry Millet"", ""role"": ""Founder"", ""slide"": 1}, {""name"": ""Hace Tel 33,607"", ""role"": ""Founder"", ""slide"": 1}]"
hawaitech.txt,2,"[{""name"": ""Market"", ""role"": ""Founder"", ""slide"": 5}, {""name"": ""Marvin Faix"", ""role"": ""Founder"", ""slide"": 5}]"
hbat.txt,3,"[{""name"": ""Zacariah Heim"", ""role"": ""Founder"", ""slide"": 19}, {""name"": ""Jane Mccarthy"", ""role"": ""Founder"", ""slide"": 19}, {""name"": ""Van Cleemput"", ""role"": ""Founder"", ""slide"": 19}]"
heliac.txt,0,[]
heliup2.txt,2,"[{""name"": ""Yannick Veschetti Ceo Co"", ""role"": ""Founder"", ""slide"": 9}, {""name"": ""Julien Gaume Cto"", ""role"": ""Founder"", ""slide"": 9}]"
hevatech.txt,0,[]
hexana.txt,0,[]
hexana2.txt,0,[]
highline.txt,0,[]
hiqutediamond.txt,6,"[{""name"": ""Tallaire"", ""role"": ""Founder"", ""slide"": 14}, {""name"": ""Npd Saint-gobain"", ""role"": ""Founder"", ""slide"": 14}, {""name"": ""Issaoui Cto"", ""role"": ""Founder"", ""slide"": 14}, {""name"": ""Eng Mgt Altis"", ""role"": ""Founder"", ""slide"": 14}, {""name"": ""At Saint"", ""role"": ""Founder"", ""slide"": 19}, {""name"": ""Jocelyn Achard"", ""role"": ""Founder"", ""slide"": 19}]"
hoeller.txt,3,"[{""name"": ""Our Advisory Board Dipl"", ""role"": ""Founder"", ""slide"": 3}, {""name"": ""Kramer"", ""role"": ""Founder"", ""slide"": 3}, {""name"": ""Coo Ex Bcg"", ""role"": ""Founder"", ""slide"": 3}]"
holosolis.txt,0,[]
holy.txt,4,"[{""name"": ""Hire At Ai Start"", ""role"": ""Founder"", ""slide"": 2}, {""name"": ""Dr Salman Bari Phd"", ""role"": ""Founder"", ""slide"": 2}, {""name"": ""Vc Adyen"", ""role"": ""Founder"", ""slide"": 2}, {""name"": ""Dr Dario Fiumarella Phd"", ""role"": ""Founder"", ""slide"": 2}]"
huskk.txt,6,"[{""name"": ""Jacques Langhendries Cfo Co"", ""role"": ""Founder"", ""slide"": 3}, {""name"": ""Vub Exoskeleton"", ""role"": ""Founder"", ""slide"": 3}, {""name"": ""Prof Dr Ir"", ""role"": ""Founder"", ""slide"": 3}, {""name"": ""Dr Ir Marco"", ""role"": ""Founder"", ""slide"": 3}, {""name"": ""Kevin De Pauw"", ""role"": ""Founder"", ""slide"": 3}, {""name"": ""Prof Ann Nowe Vub Ai"", ""role"": ""Founder"", ""slide"": 3}]"
hysilabs.txt,0,[]
hyve.txt,0,[]
hywaves.txt,3,"[{""name"": ""Years In Solar Co"", ""role"": ""Founder"", ""slide"": 13}, {""name"": ""Dr Tom Delaney"", ""role"": ""Founder"", ""slide"": 13}, {""name"": ""Monica Saavedra Non-exec"", ""role"": ""Founder"", ""slide"": 13}]"
icodos.txt,4,"[{""name"": ""Mission David Strittmatter Co"", ""role"": ""Founder"", ""slide"": 10}, {""name"": ""David"", ""role"": ""Founder"", ""slide"": 10}, {""name"": ""Jens Geppert"", ""role"": ""Founder"", ""slide"": 10}, {""name"": ""Coo Jens"", ""role"": ""Founder"", ""slide"": 10}]"
imsystems.txt,8,"[{""name"": ""Mierlo Is The Co"", ""role"": ""Founder"", ""slide"": 15}, {""name"": ""Hans Maenhout"", ""role"": ""Founder"", ""slide"": 15}, {""name"": ""Finindus Sam Cocca Sam Cocca"", ""role"": ""Founder"", ""slide"": 15}, {""name"": ""Linamar Bart Van Mierlo"", ""role"": ""Founder"", ""slide"": 15}, {""name"": ""Bart Van Mierlo"", ""role"": ""Founder"", ""slide"": 15}, {""name"": ""Jack F Schorsch Msc"", ""role"": ""Founder"", ""slide"": 15}, {""name"": ""Drs Ir"", ""role"": ""Founder"", ""slide"": 15}, {""name"": ""Ir Matthew"", ""role"": ""Founder"", ""slide"": 15}]"
independentlivingbase.txt,0,[]
ineratec.txt,4,"[{""name"": ""Chief Executive Officer Dr"", ""role"": ""Founder"", ""slide"": 25}, {""name"": ""Tim Boeltken"", ""role"": ""Founder"", ""slide"": 25}, {""name"": ""Tim"", ""role"": ""Founder"", ""slide"": 25}, {""name"": ""Caspar Schuchmann"", ""role"": ""Founder"", ""slide"": 25}]"
infiniciag.txt,0,[]
inflights.txt,3,"[{""name"": ""Teams At Mckinsey Co"", ""role"": ""Founder"", ""slide"": 14}, {""name"": ""Van Besien"", ""role"": ""Founder"", ""slide"": 14}, {""name"": ""Lampiris Adam Twidell Founder"", ""role"": ""Founder"", ""slide"": 14}]"
infrasolid.txt,0,[]
inphocal.txt,3,"[{""name"": ""Robert Van Tankeren"", ""role"": ""Founder"", ""slide"": 4}, {""name"": ""Frank"", ""role"": ""Founder"", ""slide"": 4}, {""name"": ""Anna Van Den"", ""role"": ""Founder"", ""slide"": 4}]"
insens.txt,5,"[{""name"": ""Lisam Michel Hemberg"", ""role"": ""Founder"", ""slide"": 14}, {""name"": ""Lisam Thierry Levintoff"", ""role"": ""Founder"", ""slide"": 14}, {""name"": ""Daniel Deneyer Maintenance Agc Baudouin Dierickx"", ""role"": ""Founder"", ""slide"": 14}, {""name"": ""Eric Vandroogenbroeckx Past Founder"", ""role"": ""Founder"", ""slide"": 14}, {""name"": ""Eu"", ""role"": ""Founder"", ""slide"": 14}]"
intelligentfluids.txt,5,"[{""name"": ""Experience In International Top"", ""role"": ""Founder"", ""slide"": 13}, {""name"": ""Manuel Silva Iii"", ""role"": ""Founder"", ""slide"": 13}, {""name"": ""Schumann"", ""role"": ""Founder"", ""slide"": 13}, {""name"": ""Bankhaus Pictet Cie Europe"", ""role"": ""Founder"", ""slide"": 13}, {""name"": ""Thomas Meyer"", ""role"": ""Founder"", ""slide"": 13}]"
internest.txt,0,[]
inuse.txt,0,[]
ionics.txt,0,[]
ipsumtek.txt,22,"[{""name"": ""Slide"", ""role"": ""Founder"", ""slide"": 1}, {""name"": ""Flex Cruiser Ipsum"", ""role"": ""Founder"", ""slide"": 1}, {""name"": ""Flex Cruiser"", ""role"": ""Founder"", ""slide"": 1}, {""name"": ""Maintenance"", ""role"": ""Founder"", ""slide"": 1}, {""name"": ""69 Note"", ""role"": ""Founder"", ""slide"": 1}, {""name"": ""S"", ""role"": ""Founder"", ""slide"": 1}, {""name"": ""Omron"", ""role"": ""Founder"", ""slide"": 1}, {""name"": ""Flex Cruiser's"", ""role"": ""Founder"", ""slide"": 1}, {""name"": ""Distrib"", ""role"": ""Founder"", ""slide"": 1}, {""name"": ""Metronelec"", ""role"": ""Founder"", ""slide"": 1}, {""name"": ""Clayens"", ""role"": ""Founder"", ""slide"": 1}, {""name"": ""Garbe-sepro"", ""role"": ""Founder"", ""slide"": 1}, {""name"": ""Eurobaut"", ""role"": ""Founder"", ""slide"": 1}, {""name"": ""Dinatec"", ""role"": ""Founder"", ""slide"": 1}, {""name"": ""Paul Midy"", ""role"": ""Founder"", ""slide"": 1}, {""name"": ""Flex Cruiser 2026"", ""role"": ""Founder"", ""slide"": 1}, {""name"": ""Onyro Commercier"", ""role"": ""Founder"", ""slide"": 1}, {""name"": ""Flex Cruiser Launch"", ""role"": ""Founder"", ""slide"": 1}, {""name"": ""Flex Cruiser 767k 520k 2 200"", ""role"": ""Founder"", ""slide"": 1}, {""name"": ""Jérémy Thomas"", ""role"": ""Founder"", ""slide"": 1}, {""name"": ""Macron Bernard Froment"", ""role"": ""Founder"", ""slide"": 1}, {""name"": ""La"", ""role"": ""Founder"", ""slide"": 1}]"
iqunet.txt,0,[]
istya.txt,2,"[{""name"": ""Kheira Mbouyom"", ""role"": ""Founder"", ""slide"": 8}, {""name"": ""Jonas Barandart"", ""role"": ""Founder"", ""slide"": 8}]"
japet.txt,1,"[{""name"": ""Lie Blondeaux"", ""role"": ""Founder"", ""slide"": 4}]"
keeyaerogel.txt,0,[]
keeyaerogel2.txt,0,[]
keiron.txt,5,"[{""name"": ""Hoorn Cco Jimmy Sy"", ""role"": ""Founder"", ""slide"": 9}, {""name"": ""Marco Van Hoorn"", ""role"": ""Founder"", ""slide"": 9}, {""name"": ""Stefan Van Waalwijk Msc Cto"", ""role"": ""Founder"", ""slide"": 9}, {""name"": ""Eddy Allefs Cto Am"", ""role"": ""Founder"", ""slide"": 9}, {""name"": ""Richard Visser"", ""role"": ""Founder"", ""slide"": 9}]"
kemiwatt.txt,3,"[{""name"": ""Cazot Scientist Advisor Pierre"", ""role"": ""Founder"", ""slide"": 42}, {""name"": ""Jean Paul"", ""role"": ""Founder"", ""slide"": 42}, {""name"": ""Kth Sweden"", ""role"": ""Founder"", ""slide"": 42}]"
kheoos.txt,5,"[{""name"": ""Mb Co"", ""role"": ""Founder"", ""slide"": 6}, {""name"": ""Michelin"", ""role"": ""Founder"", ""slide"": 6}, {""name"": ""Anna K"", ""role"": ""Founder"", ""slide"": 6}, {""name"": ""Vivien Sayve Denis Gihan"", ""role"": ""Founder"", ""slide"": 6}, {""name"": ""Miraton"", ""role"": ""Founder"", ""slide"": 6}]"
komugi.txt,0,[]
kooping.txt,0,[]
lancey.txt,1,"[{""name"": ""Www Lancey Fr"", ""role"": ""Founder"", ""slide"": 14}]"
laserco.txt,0,[]
latannerievegetale.txt,4,"[{""name"": ""Age Ceo Co"", ""role"": ""Founder"", ""slide"": 11}, {""name"": ""Marc Cestari Coo"", ""role"": ""Founder"", ""slide"": 11}, {""name"": ""Sixtine De Chateauneuf"", ""role"": ""Founder"", ""slide"": 11}, {""name"": ""Inès Alvez"", ""role"": ""Founder"", ""slide"": 11}]"
leviathandynamics2.txt,0,[]
lichens.txt,6,"[{""name"": ""Confidential"", ""role"": ""Founder"", ""slide"": 1}, {""name"": ""Vincent Cto Co-founder Tan-phu"", ""role"": ""Founder"", ""slide"": 1}, {""name"": ""Patrick Boyeaux"", ""role"": ""Founder"", ""slide"": 1}, {""name"": ""Complex Multi-interlocutor Buildings"", ""role"": ""Founder"", ""slide"": 1}, {""name"": ""Hotelier"", ""role"": ""Founder"", ""slide"": 1}, {""name"": ""Square Meter Floor Plan The Solution"", ""role"": ""Founder"", ""slide"": 1}]"
lionvolt.txt,0,[]
lithcote.txt,0,[]
litherm.txt,0,[]
maana.txt,6,"[{""name"": ""Van Oorschot Ceo Co"", ""role"": ""Founder"", ""slide"": 32}, {""name"": ""Van Oorschot"", ""role"": ""Founder"", ""slide"": 32}, {""name"": ""Co"", ""role"": ""Founder"", ""slide"": 35}, {""name"": ""Maana S"", ""role"": ""Founder"", ""slide"": 35}, {""name"": ""Jean-jacques"", ""role"": ""Founder"", ""slide"": 35}, {""name"": ""Joost Maanaelectric"", ""role"": ""Founder"", ""slide"": 35}]"
machine2humansolutions.txt,2,"[{""name"": ""Julian Ziebarth Ceo Co"", ""role"": ""Founder"", ""slide"": 18}, {""name"": ""Julian Ziebarth"", ""role"": ""Founder"", ""slide"": 18}]"
magreesource.txt,31,"[{""name"": ""-- Slide --- Upstream Drawing Factory Social Environment Territories 21 Recyclers Social"", ""role"": ""Founder"", ""slide"": 1}, {""name"": ""Solidarity Economy Eco-organisms Eolien Automotive Aeronautique Heavy Transportation Individuals Research Ministries"", ""role"": ""Founder"", ""slide"": 1}, {""name"": ""Operators European Commission Local Fabric Local Employment Stakeholders In The Magreesource Project --- Slide --- Magfactory 2027 1st Sustainable Factory Of Permanent Magnets In Europe Circular Economy Sustainable Social Environment 22 Re-industrialization In France Goes Through Social"", ""role"": ""Founder"", ""slide"": 1}, {""name"": ""Environmental Acceptance La Magfactory Must Be Thought Out Zero As Soon As It Is Created. Regenerative"", ""role"": ""Founder"", ""slide"": 1}, {""name"": ""Solidarity --- Slide --- 2021 Recovery Plans 1 3meuros Ministry Of Economy 2022 Lighting 2 1 1meuros Tangentline Procanndus Arcelormittal Belgium Eit Rawmaterials Germany Banking 1 1 1meros Rrr 1 6meros Ministry Of Ecological Transition 2023 Leve Nov Partners Strategic Fund Transition Just 4 5 Meuros Europe Region Ara Bpi Deeptech Program 1 5 Meuros Bank Banks 0 5meros 2024 Levance A 50meros France2030 Critical Metals 25meros Ministry Of Economie Active Or Eif 25meros European Banque Investment 23 Global Financing Of The Short-term Needs For Noyarey"", ""role"": ""Founder"", ""slide"": 1}, {""name"": ""Financing Of The Magfactory --- Slide- Including The Start Of The Magfactory 0 5000 10000 15000 25000 25000 30000 35000 2022 2023 2024 2025 2026 2027 2028 2029 2030 Ca Grove Marge Pilot Development Of Noyarey Analysis"", ""role"": ""Founder"", ""slide"": 1}, {""name"": ""Construction Magfactory Full Capacity In 2030 --- Slide --- E Small President Co-founder Erick Petit Magreesource Com 33 768 488 488 488 488 488 488 488 643 They Support Us 25 --- Slide ---"", ""role"": ""Founder"", ""slide"": 1}, {""name"": ""Loves With Rare Lands"", ""role"": ""Founder"", ""slide"": 1}, {""name"": ""Supply Chains"", ""role"": ""Founder"", ""slide"": 1}, {""name"": ""Ursula Von Der"", ""role"": ""Founder"", ""slide"": 1}, {""name"": ""Trfeb Allo-"", ""role"": ""Founder"", ""slide"": 1}, {""name"": ""Magr6 Q1"", ""role"": ""Founder"", ""slide"": 1}, {""name"": ""Euros"", ""role"": ""Founder"", ""slide"": 1}, {""name"": ""Fritétés Frittées Phase"", ""role"": ""Founder"", ""slide"": 1}, {""name"": ""Lyon"", ""role"": ""Founder"", ""slide"": 1}, {""name"": ""Sem Sem Sem Equipment"", ""role"": ""Founder"", ""slide"": 1}, {""name"": ""Geometric"", ""role"": ""Founder"", ""slide"": 1}, {""name"": ""Jet Mill"", ""role"": ""Founder"", ""slide"": 1}, {""name"": ""Tec Laby L"", ""role"": ""Founder"", ""slide"": 1}, {""name"": ""Magreesource Poland"", ""role"": ""Founder"", ""slide"": 1}, {""name"": ""Direction Dr"", ""role"": ""Founder"", ""slide"": 1}, {""name"": ""Founder Insa Lyon"", ""role"": ""Founder"", ""slide"": 1}, {""name"": ""Qualified Luc Aixala"", ""role"": ""Founder"", ""slide"": 1}, {""name"": ""Emérite"", ""role"": ""Founder"", ""slide"": 1}, {""name"": ""Damien Montarnal"", ""role"": ""Founder"", ""slide"": 1}, {""name"": ""Finindus"", ""role"": ""Founder"", ""slide"": 1}, {""name"": ""Hans Maenhout"", ""role"": ""Founder"", ""slide"": 1}, {""name"": ""Finindus Hans"", ""role"": ""Founder"", ""slide"": 1}, {""name"": ""Hidden Badge"", ""role"": ""Founder"", ""slide"": 1}, {""name"": ""Citeo"", ""role"": ""Founder"", ""slide"": 1}, {""name"": ""Erick Petit"", ""role"": ""Founder"", ""slide"": 1}]"
manaa.txt,2,"[{""name"": ""Van Oorschot"", ""role"": ""Founder"", ""slide"": 18}, {""name"": ""Fabrice Testa Co"", ""role"": ""Founder"", ""slide"": 21}]"
mantispectra.txt,0,[]
mariepoppies.txt,0,[]
matvision.txt,3,"[{""name"": ""Robert Baudinet"", ""role"": ""Founder"", ""slide"": 11}, {""name"": ""David Bastin"", ""role"": ""Founder"", ""slide"": 11}, {""name"": ""Cso Head"", ""role"": ""Founder"", ""slide"": 11}]"
mcve.txt,0,[]
mcve3.txt,6,"[{""name"": ""Christian Weisse Ceo Co"", ""role"": ""Founder"", ""slide"": 1}, {""name"": ""Christian Weisse"", ""role"": ""Founder"", ""slide"": 1}, {""name"": ""Claude Labro"", ""role"": ""Founder"", ""slide"": 1}, {""name"": ""Cmo Co-founder"", ""role"": ""Founder"", ""slide"": 1}, {""name"": ""Ni Sn"", ""role"": ""Founder"", ""slide"": 1}, {""name"": ""Metalization Printer K"", ""role"": ""Founder"", ""slide"": 1}]"
mcve4.txt,0,[]
meam.txt,0,[]
mecabotix.txt,4,"[{""name"": ""Complementary Team"", ""role"": ""Founder"", ""slide"": 13}, {""name"": ""Michelin"", ""role"": ""Founder"", ""slide"": 13}, {""name"": ""Marco Calcamuggi President"", ""role"": ""Founder"", ""slide"": 13}, {""name"": ""Eric Baldo"", ""role"": ""Founder"", ""slide"": 13}]"
mecawareA.txt,1,"[{""name"": ""Julien Leclaire Founder"", ""role"": ""Founder"", ""slide"": 23}]"
metaliq.txt,0,[]
mirsense.txt,4,"[{""name"": ""Mathieu Carras Ceo Co"", ""role"": ""Founder"", ""slide"": 8}, {""name"": ""Mickael Brun Coo Co-founder"", ""role"": ""Founder"", ""slide"": 8}, {""name"": ""David Chauvel"", ""role"": ""Founder"", ""slide"": 8}, {""name"": ""Roland Teissier"", ""role"": ""Founder"", ""slide"": 8}]"
mitis.txt,1,"[{""name"": ""Michel Delanaye"", ""role"": ""Founder"", ""slide"": 20}]"
mobenergy.txt,5,"[{""name"": ""Confidential"", ""role"": ""Founder"", ""slide"": 22}, {""name"": ""Salim El Houat Co-founder"", ""role"": ""Founder"", ""slide"": 22}, {""name"": ""Coo Aurélien"", ""role"": ""Founder"", ""slide"": 22}, {""name"": ""Dahan Head"", ""role"": ""Founder"", ""slide"": 22}, {""name"": ""Ibtissem Chouba"", ""role"": ""Founder"", ""slide"": 22}]"
mobilitywork.txt,3,"[{""name"": ""Boris Guéry Ctpo"", ""role"": ""Founder"", ""slide"": 14}, {""name"": ""Bastien Gautheret"", ""role"": ""Founder"", ""slide"": 14}, {""name"": ""Jérôme Girszyn"", ""role"": ""Founder"", ""slide"": 14}]"
mobito.txt,5,"[{""name"": ""Barbara Tech Lead Ex"", ""role"": ""Founder"", ""slide"": 20}, {""name"": ""Alex"", ""role"": ""Founder"", ""slide"": 20}, {""name"": ""John Data"", ""role"": ""Founder"", ""slide"": 20}, {""name"": ""Mobiltron"", ""role"": ""Founder"", ""slide"": 21}, {""name"": ""Mitef Offering"", ""role"": ""Founder"", ""slide"": 21}]"
moiz.txt,3,"[{""name"": ""Www Moiz"", ""role"": ""Founder"", ""slide"": 3}, {""name"": ""Cea St Design"", ""role"": ""Founder"", ""slide"": 3}, {""name"": ""Tim"", ""role"": ""Founder"", ""slide"": 3}]"
molecularplasmagroup.txt,1,"[{""name"": ""Innovative Technologies Joanna Borek"", ""role"": ""Founder"", ""slide"": 17}]"
muodim.txt,6,"[{""name"": ""For Sending"", ""role"": ""Founder"", ""slide"": 1}, {""name"": ""Kevin"", ""role"": ""Founder"", ""slide"": 1}, {""name"": ""Morandi"", ""role"": ""Founder"", ""slide"": 1}, {""name"": ""3d Image"", ""role"": ""Founder"", ""slide"": 1}, {""name"": ""Poc Roadmap Technologie"", ""role"": ""Founder"", ""slide"": 1}, {""name"": ""Maintenance Bounting"", ""role"": ""Founder"", ""slide"": 1}]"
myjiminy.txt,17,"[{""name"": ""Agent Of Creative Talents"", ""role"": ""Founder"", ""slide"": 1}, {""name"": ""Creative Talents"", ""role"": ""Founder"", ""slide"": 1}, {""name"": ""Myjiminy"", ""role"": ""Founder"", ""slide"": 1}, {""name"": ""Tiktok Instagram"", ""role"": ""Founder"", ""slide"": 1}, {""name"": ""Son Créa"", ""role"": ""Founder"", ""slide"": 1}, {""name"": ""Google Middle East East"", ""role"": ""Founder"", ""slide"": 1}, {""name"": ""Samsung Laurence Barrière"", ""role"": ""Founder"", ""slide"": 1}, {""name"": ""Bmw Asia"", ""role"": ""Founder"", ""slide"": 1}, {""name"": ""Pdg"", ""role"": ""Founder"", ""slide"": 1}, {""name"": ""Eric Gaubert Michèle Ferrebeuf"", ""role"": ""Founder"", ""slide"": 1}, {""name"": ""Alexis Ferrebeuf"", ""role"": ""Founder"", ""slide"": 1}, {""name"": ""Eléphant Cie"", ""role"": ""Founder"", ""slide"": 1}, {""name"": ""Lambert Wilson"", ""role"": ""Founder"", ""slide"": 1}, {""name"": ""Iris Goldfarb"", ""role"": ""Founder"", ""slide"": 1}, {""name"": ""Reed Midem - Team Studio Myj Studio Motion Motion Design Art"", ""role"": ""Founder"", ""slide"": 1}, {""name"": ""Naomi Sirot"", ""role"": ""Founder"", ""slide"": 1}, {""name"": ""Alexis Myjiminy Com"", ""role"": ""Founder"", ""slide"": 1}]"
nanoz.txt,1,"[{""name"": ""Investment Key Highlights Product"", ""role"": ""Founder"", ""slide"": 29}]"
nature2need.txt,7,"[{""name"": ""To Date Creating High"", ""role"": ""Founder"", ""slide"": 2}, {""name"": ""Karsten"", ""role"": ""Founder"", ""slide"": 2}, {""name"": ""Eva Nature2need"", ""role"": ""Founder"", ""slide"": 21}, {""name"": ""Paul Nature2need"", ""role"": ""Founder"", ""slide"": 21}, {""name"": ""Executive Obtained His Dr"", ""role"": ""Founder"", ""slide"": 22}, {""name"": ""Https Www"", ""role"": ""Founder"", ""slide"": 22}, {""name"": ""Dr Karsten"", ""role"": ""Founder"", ""slide"": 22}]"
neextengineering.txt,0,[]
nestwave.txt,2,"[{""name"": ""Qualcomm Arraycomm Sequans Co"", ""role"": ""Founder"", ""slide"": 4}, {""name"": ""Quantenna"", ""role"": ""Founder"", ""slide"": 4}]"
neurala.txt,0,[]
nextind.txt,0,[]
nexwafe.txt,0,[]
nexxoil.txt,4,"[{""name"": ""Co"", ""role"": ""Founder"", ""slide"": 17}, {""name"": ""Prof Dr"", ""role"": ""Founder"", ""slide"": 17}, {""name"": ""Thomas Willner"", ""role"": ""Founder"", ""slide"": 17}, {""name"": ""Dr Wolfgang Brysch"", ""role"": ""Founder"", ""slide"": 17}]"
nexxtlab.txt,6,"[{""name"": ""Years Energy Consulting Accenture"", ""role"": ""Founder"", ""slide"": 8}, {""name"": ""Peter Raeke Dipl"", ""role"": ""Founder"", ""slide"": 8}, {""name"": ""Iham Antwerp"", ""role"": ""Founder"", ""slide"": 8}, {""name"": ""Vub Brussels"", ""role"": ""Founder"", ""slide"": 8}, {""name"": ""Net4energy"", ""role"": ""Founder"", ""slide"": 8}, {""name"": ""Juli"", ""role"": ""Founder"", ""slide"": 8}]"
nimbleone.txt,0,[]
nimesis.txt,0,[]
novacarbon.txt,0,[]
novali3.txt,0,[]
novocycle.txt,0,[]
novomof.txt,13,"[{""name"": ""Steitz Strategic Bd Co"", ""role"": ""Founder"", ""slide"": 18}, {""name"": ""Msc Eth"", ""role"": ""Founder"", ""slide"": 18}, {""name"": ""Dr Charles Toft Cto Dr"", ""role"": ""Founder"", ""slide"": 18}, {""name"": ""Anna Chomiak Application"", ""role"": ""Founder"", ""slide"": 18}, {""name"": ""Timo Steitz"", ""role"": ""Founder"", ""slide"": 18}, {""name"": ""Mim"", ""role"": ""Founder"", ""slide"": 18}, {""name"": ""Oliver Maurer"", ""role"": ""Founder"", ""slide"": 18}, {""name"": ""Wilhelm Steitz Cfo"", ""role"": ""Founder"", ""slide"": 18}, {""name"": ""Msc"", ""role"": ""Founder"", ""slide"": 18}, {""name"": ""Paul Davis"", ""role"": ""Founder"", ""slide"": 18}, {""name"": ""Marco Ziegler"", ""role"": ""Founder"", ""slide"": 19}, {""name"": ""Daniel Steitz"", ""role"": ""Founder"", ""slide"": 19}, {""name"": ""Anil Sethi"", ""role"": ""Founder"", ""slide"": 19}]"
obeia.txt,0,[]
octofan.txt,5,"[{""name"": ""Sja Architecture Agency Vice"", ""role"": ""Founder"", ""slide"": 17}, {""name"": ""Shan Jiang"", ""role"": ""Founder"", ""slide"": 17}, {""name"": ""Richard Valenti"", ""role"": ""Founder"", ""slide"": 17}, {""name"": ""Jack Krine"", ""role"": ""Founder"", ""slide"": 17}, {""name"": ""Emmanuel Davidson"", ""role"": ""Founder"", ""slide"": 17}]"
oghji.txt,0,[]
ollow.txt,10,"[{""name"": ""-- Slide-more Infos Www Ollow-tech Com Bertrand Laine Ceo De Ollow Blaine Olylow Com 33 6 43 90 40 19 Paul Berrux Pberrux Multteam Fr 33 6 09 75 58 04 Théo Fleismaher Tfleismaher Multeam Fr 33 6 42 43 03 12 Patricia Neau Pneau Multeam Fr 33 6 17 79 29 99 Contacts --- Slide ---"", ""role"": ""Founder"", ""slide"": 1}, {""name"": ""Tubes For Medium Series"", ""role"": ""Founder"", ""slide"": 1}, {""name"": ""Large Small"", ""role"": ""Founder"", ""slide"": 1}, {""name"": ""--- Benchmark"", ""role"": ""Founder"", ""slide"": 1}, {""name"": ""Kg"", ""role"": ""Founder"", ""slide"": 1}, {""name"": ""Kg Eq Co2"", ""role"": ""Founder"", ""slide"": 1}, {""name"": ""Kg Eq Co2 Frame"", ""role"": ""Founder"", ""slide"": 1}, {""name"": ""Rice Technique"", ""role"": ""Founder"", ""slide"": 1}, {""name"": ""Multteam Fr"", ""role"": ""Founder"", ""slide"": 1}, {""name"": ""Patricia Neau Pneau"", ""role"": ""Founder"", ""slide"": 1}]"
onewatt.txt,3,"[{""name"": ""Squeaky Wheel Studios Co"", ""role"": ""Founder"", ""slide"": 9}, {""name"": ""Francis Bautista"", ""role"": ""Founder"", ""slide"": 9}, {""name"": ""Emmanuel Bueta Marica"", ""role"": ""Founder"", ""slide"": 9}]"
oppr.txt,0,[]
otiv.txt,5,"[{""name"": ""Automation Engineering Ugent Co"", ""role"": ""Founder"", ""slide"": 2}, {""name"": ""Otiv"", ""role"": ""Founder"", ""slide"": 2}, {""name"": ""Belgi Eu"", ""role"": ""Founder"", ""slide"": 2}, {""name"": ""V Niels Van Damme"", ""role"": ""Founder"", ""slide"": 2}, {""name"": ""Sam De"", ""role"": ""Founder"", ""slide"": 2}]"
otiv2.txt,8,"[{""name"": ""Niels Van Damme Co"", ""role"": ""Founder"", ""slide"": 16}, {""name"": ""Niels Van Damme"", ""role"": ""Founder"", ""slide"": 16}, {""name"": ""Tech Sam De Smet"", ""role"": ""Founder"", ""slide"": 16}, {""name"": ""Msc"", ""role"": ""Founder"", ""slide"": 16}, {""name"": ""Ller-reichenb"", ""role"": ""Founder"", ""slide"": 16}, {""name"": ""Sam De Smet Co"", ""role"": ""Founder"", ""slide"": 18}, {""name"": ""Sam De Smet"", ""role"": ""Founder"", ""slide"": 18}, {""name"": ""Sam Otiv"", ""role"": ""Founder"", ""slide"": 18}]"
ouat!.txt,2,"[{""name"": ""And Technology Matthieu Co"", ""role"": ""Founder"", ""slide"": 14}, {""name"": ""Nicolas"", ""role"": ""Founder"", ""slide"": 14}]"
oxylum.txt,4,"[{""name"": ""De Mot Ceo Co"", ""role"": ""Founder"", ""slide"": 12}, {""name"": ""Bert De Mot Ceo"", ""role"": ""Founder"", ""slide"": 12}, {""name"": ""Bert"", ""role"": ""Founder"", ""slide"": 12}, {""name"": ""Quinten Van"", ""role"": ""Founder"", ""slide"": 12}]"
packwise.txt,0,[]
pathrobotics.txt,5,"[{""name"": ""Andy Co"", ""role"": ""Founder"", ""slide"": 2}, {""name"": ""Andy Co-founder"", ""role"": ""Founder"", ""slide"": 2}, {""name"": ""Alex Co-founder"", ""role"": ""Founder"", ""slide"": 2}, {""name"": ""Exist Jim Fan Co"", ""role"": ""Founder"", ""slide"": 12}, {""name"": ""Jim"", ""role"": ""Founder"", ""slide"": 12}]"
pepps.txt,0,[]
phoenixai.txt,2,"[{""name"": ""Benoit Bolle Laurent Renard"", ""role"": ""Founder"", ""slide"": 21}, {""name"": ""Oreye Antonia Herrera Jean"", ""role"": ""Founder"", ""slide"": 22}]"
phytonics.txt,0,[]
polypea.txt,2,"[{""name"": ""Polypea"", ""role"": ""Founder"", ""slide"": 9}, {""name"": ""Maria Torcasio"", ""role"": ""Founder"", ""slide"": 9}]"
powerlubecontrol.txt,0,[]
pozyx.txt,0,[]
propellane.txt,13,"[{""name"": ""Industrial Heat Member Bas"", ""role"": ""Founder"", ""slide"": 1}, {""name"": ""Bas-carbon"", ""role"": ""Founder"", ""slide"": 1}, {""name"": ""Gaz Fossil"", ""role"": ""Founder"", ""slide"": 1}, {""name"": ""Hote Hote Poperation"", ""role"": ""Founder"", ""slide"": 1}, {""name"": ""Max"", ""role"": ""Founder"", ""slide"": 1}, {""name"": ""Gaz Gas Brakes"", ""role"": ""Founder"", ""slide"": 1}, {""name"": ""Co2 Nox"", ""role"": ""Founder"", ""slide"": 1}, {""name"": ""Elec Example"", ""role"": ""Founder"", ""slide"": 1}, {""name"": ""X6 X6"", ""role"": ""Founder"", ""slide"": 1}, {""name"": ""Volumes Monde Of Huge"", ""role"": ""Founder"", ""slide"": 1}, {""name"": ""Module"", ""role"": ""Founder"", ""slide"": 1}, {""name"": ""Ensam Cetim"", ""role"": ""Founder"", ""slide"": 1}, {""name"": ""Decarbonée"", ""role"": ""Founder"", ""slide"": 1}]"
purenat2.txt,6,"[{""name"": ""Natacha Kinadjian Caplat"", ""role"": ""Founder"", ""slide"": 6}, {""name"": ""Christophe Saint Martin Cto Manon"", ""role"": ""Founder"", ""slide"": 13}, {""name"": ""Camille Teixeira"", ""role"": ""Founder"", ""slide"": 13}, {""name"": ""Douglas Bertin"", ""role"": ""Founder"", ""slide"": 13}, {""name"": ""Juliette Karpiel"", ""role"": ""Founder"", ""slide"": 13}, {""name"": ""Clear Roadmap And Go"", ""role"": ""Founder"", ""slide"": 14}]"
pydro.txt,6,"[{""name"": ""Ein Bild Das"", ""role"": ""Founder"", ""slide"": 1}, {""name"": ""Automatisch"", ""role"": ""Founder"", ""slide"": 1}, {""name"": ""Executive Officer In Utility"", ""role"": ""Founder"", ""slide"": 11}, {""name"": ""Werner Industrial Iot"", ""role"": ""Founder"", ""slide"": 11}, {""name"": ""Jurica Kovac Water Loss Management"", ""role"": ""Founder"", ""slide"": 11}, {""name"": ""Michael H Tte Business Development"", ""role"": ""Founder"", ""slide"": 11}]"
qualitics.txt,0,[]
reeverse.txt,11,"[{""name"": ""Piloting Optimization And Re"", ""role"": ""Founder"", ""slide"": 1}, {""name"": ""Mes Minds"", ""role"": ""Founder"", ""slide"": 1}, {""name"": ""Reduce Remployment Eco-concevoice"", ""role"": ""Founder"", ""slide"": 1}, {""name"": ""Reeverse"", ""role"": ""Founder"", ""slide"": 1}, {""name"": ""Deployed 3 Months"", ""role"": ""Founder"", ""slide"": 1}, {""name"": ""Jérémy Rainer"", ""role"": ""Founder"", ""slide"": 1}, {""name"": ""Alexander Coo"", ""role"": ""Founder"", ""slide"": 1}, {""name"": ""Pierre Triers Ex"", ""role"": ""Founder"", ""slide"": 1}, {""name"": ""Persons Key Operational Equipment Engineers"", ""role"": ""Founder"", ""slide"": 1}, {""name"": ""Confidential 15"", ""role"": ""Founder"", ""slide"": 1}, {""name"": ""Jérémy Rainer Alexander"", ""role"": ""Founder"", ""slide"": 1}]"
rein4ced.txt,0,[]
rejuice.txt,2,"[{""name"": ""Goire Masquelier"", ""role"": ""Founder"", ""slide"": 4}, {""name"": ""Denis Jidovtseff - Co-founder"", ""role"": ""Founder"", ""slide"": 4}]"
renewind.txt,0,[]
replace.txt,0,[]
ridergy.txt,5,"[{""name"": ""Team Claudio Geyken Co"", ""role"": ""Founder"", ""slide"": 10}, {""name"": ""Bram Koot"", ""role"": ""Founder"", ""slide"": 10}, {""name"": ""Inbal Cohen"", ""role"": ""Founder"", ""slide"": 10}, {""name"": ""Frank Van Den Berg"", ""role"": ""Founder"", ""slide"": 10}, {""name"": ""Developers Claudio Geyken Co"", ""role"": ""Founder"", ""slide"": 14}]"
rift.txt,7,"[{""name"": ""Vincent Seijger Cto Co"", ""role"": ""Founder"", ""slide"": 14}, {""name"": ""Tim Janssen Cfo"", ""role"": ""Founder"", ""slide"": 14}, {""name"": ""Mark Verhagen"", ""role"": ""Founder"", ""slide"": 14}, {""name"": ""Peter Boons"", ""role"": ""Founder"", ""slide"": 14}, {""name"": ""Peter Van Meel"", ""role"": ""Founder"", ""slide"": 14}, {""name"": ""Peter Lambooy Project"", ""role"": ""Founder"", ""slide"": 14}, {""name"": ""Anne"", ""role"": ""Founder"", ""slide"": 14}]"
roav7.txt,0,[]
rosi.txt,5,"[{""name"": ""Unique End"", ""role"": ""Founder"", ""slide"": 14}, {""name"": ""Cofounder Bruno"", ""role"": ""Founder"", ""slide"": 14}, {""name"": ""Antoine Chalaux"", ""role"": ""Founder"", ""slide"": 14}, {""name"": ""Yun Luo"", ""role"": ""Founder"", ""slide"": 14}, {""name"": ""Cofounder Karsten"", ""role"": ""Founder"", ""slide"": 14}]"
roth2.txt,0,[]
rovenso.txt,0,[]
sakowin.txt,0,[]
saturnetechnology.txt,0,[]
senergetics.txt,0,[]
senodis.txt,4,"[{""name"": ""Rtling Co"", ""role"": ""Founder"", ""slide"": 20}, {""name"": ""Erik Mai Dr"", ""role"": ""Founder"", ""slide"": 20}, {""name"": ""Dr Marek Rjelka Prof Thomas H"", ""role"": ""Founder"", ""slide"": 20}, {""name"": ""Md Co-founder"", ""role"": ""Founder"", ""slide"": 20}]"
senorics.txt,3,"[{""name"": ""Thomas Schlicher"", ""role"": ""Founder"", ""slide"": 11}, {""name"": ""Dr Robert Brueckner Cto Founder"", ""role"": ""Founder"", ""slide"": 11}, {""name"": ""Carl-zeiss-award"", ""role"": ""Founder"", ""slide"": 11}]"
senseven.txt,3,"[{""name"": ""Years Of Self"", ""role"": ""Founder"", ""slide"": 12}, {""name"": ""Michael Hettegger"", ""role"": ""Founder"", ""slide"": 12}, {""name"": ""Anna Grausgruber"", ""role"": ""Founder"", ""slide"": 12}]"
sereema.txt,5,"[{""name"": ""Me Imbert Ceo"", ""role"": ""Founder"", ""slide"": 13}, {""name"": ""Jérôme Imbert"", ""role"": ""Founder"", ""slide"": 13}, {""name"": ""Daniel Pilaud - Elaia"", ""role"": ""Founder"", ""slide"": 13}, {""name"": ""Eric Durand-gasselin - Ba - Co-founder"", ""role"": ""Founder"", ""slide"": 13}, {""name"": ""Eric Horlait - Advisor"", ""role"": ""Founder"", ""slide"": 13}]"
sesam.txt,0,[]
shayp.txt,1,"[{""name"": ""Gregoire De Hemptinne Co"", ""role"": ""Founder"", ""slide"": 9}]"
sironatechnologies.txt,6,"[{""name"": ""Progress To Elon Co"", ""role"": ""Founder"", ""slide"": 3}, {""name"": ""Ventech Vc Climate Club"", ""role"": ""Founder"", ""slide"": 3}, {""name"": ""Limpens Pierre-louis"", ""role"": ""Founder"", ""slide"": 3}, {""name"": ""Barak"", ""role"": ""Founder"", ""slide"": 3}, {""name"": ""Gruberg Brieuc"", ""role"": ""Founder"", ""slide"": 3}, {""name"": ""Pierre Ceysens Sibylle"", ""role"": ""Founder"", ""slide"": 3}]"
skydrone.txt,0,[]
sogilis.txt,4,"[{""name"": ""Baillon Chief Executive Officer"", ""role"": ""Founder"", ""slide"": 11}, {""name"": ""Jean Martos"", ""role"": ""Founder"", ""slide"": 11}, {""name"": ""Electric Denis"", ""role"": ""Founder"", ""slide"": 11}, {""name"": ""Jean-michel"", ""role"": ""Founder"", ""slide"": 11}]"
soluterials.txt,0,[]
soomiq.txt,5,"[{""name"": ""And Project Management Co"", ""role"": ""Founder"", ""slide"": 17}, {""name"": ""Gmbh Munich Et"", ""role"": ""Founder"", ""slide"": 17}, {""name"": ""Gmbh Switzerland"", ""role"": ""Founder"", ""slide"": 17}, {""name"": ""Asia Juris"", ""role"": ""Founder"", ""slide"": 17}, {""name"": ""Gmbh Hamburg Shanghai"", ""role"": ""Founder"", ""slide"": 17}]"
spark2.txt,4,"[{""name"": ""Driving Spark Forward Co"", ""role"": ""Founder"", ""slide"": 11}, {""name"": ""Erwan"", ""role"": ""Founder"", ""slide"": 11}, {""name"": ""Patrick Peters"", ""role"": ""Founder"", ""slide"": 11}, {""name"": ""Marco Venturini"", ""role"": ""Founder"", ""slide"": 11}]"
spotlight.txt,2,"[{""name"": ""Al Khatib Ceo Co"", ""role"": ""Founder"", ""slide"": 19}, {""name"": ""Al Khatib"", ""role"": ""Founder"", ""slide"": 19}]"
spreeinteractive.txt,0,[]
squairtech.txt,0,[]
staaq.txt,2,"[{""name"": ""Thank You Www Staaq"", ""role"": ""Founder"", ""slide"": 28}, {""name"": ""Https Www"", ""role"": ""Founder"", ""slide"": 28}]"
stabilogreen.txt,0,[]
starcopter.txt,3,"[{""name"": ""Know How And Industry"", ""role"": ""Founder"", ""slide"": 9}, {""name"": ""Eng Tu Clausthal Khashayar"", ""role"": ""Founder"", ""slide"": 9}, {""name"": ""Kazemi Coo Co-founder"", ""role"": ""Founder"", ""slide"": 9}]"
stargate.txt,2,"[{""name"": ""Know"", ""role"": ""Founder"", ""slide"": 6}, {""name"": ""The Ceo And Co"", ""role"": ""Founder"", ""slide"": 8}]"
storh.txt,0,[]
sublimeenergie.txt,0,[]
sunlion.txt,0,[]
sunmaxx.txt,2,"[{""name"": ""Industrial Manufacturing Processes Gas"", ""role"": ""Founder"", ""slide"": 7}, {""name"": ""Dr Wilhelm Stein"", ""role"": ""Founder"", ""slide"": 7}]"
sunmaxx2.txt,1,"[{""name"": ""Subject To Change Non"", ""role"": ""Founder"", ""slide"": 26}]"
supairvision.txt,0,[]
swanh.txt,0,[]
swoopenergy.txt,10,"[{""name"": ""Is Powering The Future"", ""role"": ""Founder"", ""slide"": 1}, {""name"": ""Buildings"", ""role"": ""Founder"", ""slide"": 1}, {""name"": ""Cfo Karl Yann Alexis Graphics Marketing Electronic"", ""role"": ""Founder"", ""slide"": 1}, {""name"": ""Allali Quentin"", ""role"": ""Founder"", ""slide"": 1}, {""name"": ""Marc Kosta Ex-"", ""role"": ""Founder"", ""slide"": 1}, {""name"": ""North"", ""role"": ""Founder"", ""slide"": 1}, {""name"": ""Neo Eco Partner"", ""role"": ""Founder"", ""slide"": 1}, {""name"": ""Iae Aix-msc Project"", ""role"": ""Founder"", ""slide"": 1}, {""name"": ""Alexis Claeys-co-founder"", ""role"": ""Founder"", ""slide"": 1}, {""name"": ""Alexis Claeys Swoopenergy"", ""role"": ""Founder"", ""slide"": 1}]"
sylfen.txt,2,"[{""name"": ""Sustainable Buildings And Eco"", ""role"": ""Founder"", ""slide"": 5}, {""name"": ""Cea S"", ""role"": ""Founder"", ""slide"": 5}]"
teeptrak2.txt,1,"[{""name"": ""Damien Blondeau"", ""role"": ""Founder"", ""slide"": 20}]"
terakalis.txt,0,[]
teratonics.txt,0,[]
theyeq.txt,0,[]
threedy.txt,3,"[{""name"": ""Cpo Maik"", ""role"": ""Founder"", ""slide"": 3}, {""name"": ""Ps Qa"", ""role"": ""Founder"", ""slide"": 3}, {""name"": ""Stefan Domdey"", ""role"": ""Founder"", ""slide"": 3}]"
tiamat.txt,0,[]
tihive.txt,4,"[{""name"": ""Specialists Hani Sherry Co"", ""role"": ""Founder"", ""slide"": 9}, {""name"": ""Hani Sherry"", ""role"": ""Founder"", ""slide"": 9}, {""name"": ""Carlos Prada"", ""role"": ""Founder"", ""slide"": 9}, {""name"": ""Hani Sherry Carlos Prada"", ""role"": ""Founder"", ""slide"": 9}]"
torwash.txt,4,"[{""name"": ""De Lege Ceo Co"", ""role"": ""Founder"", ""slide"": 4}, {""name"": ""Levien De Lege"", ""role"": ""Founder"", ""slide"": 4}, {""name"": ""Dr Richard Janssen"", ""role"": ""Founder"", ""slide"": 12}, {""name"": ""Prof Dr Ir Merle De Kreuk"", ""role"": ""Founder"", ""slide"": 12}]"
tozero.txt,12,"[{""name"": ""Tozero Sarah Fleischer Co"", ""role"": ""Founder"", ""slide"": 11}, {""name"": ""Tozero Sarah"", ""role"": ""Founder"", ""slide"": 11}, {""name"": ""Luxembourg S"", ""role"": ""Founder"", ""slide"": 11}, {""name"": ""Eng Dr Ksenija Milicevic Neumann"", ""role"": ""Founder"", ""slide"": 11}, {""name"": ""Eng Sabareesh Gopalakrishnan"", ""role"": ""Founder"", ""slide"": 11}, {""name"": ""Tim Zinkl"", ""role"": ""Founder"", ""slide"": 11}, {""name"": ""S Associate Dr"", ""role"": ""Founder"", ""slide"": 11}, {""name"": ""Gamarra Garcia"", ""role"": ""Founder"", ""slide"": 11}, {""name"": ""Ivkovic"", ""role"": ""Founder"", ""slide"": 11}, {""name"": ""Martin Leu People"", ""role"": ""Founder"", ""slide"": 11}, {""name"": ""Wenyi Dai"", ""role"": ""Founder"", ""slide"": 11}, {""name"": ""Nadja Berger"", ""role"": ""Founder"", ""slide"": 11}]"
tractonomy.txt,0,[]
turbit.txt,4,"[{""name"": ""Development Christian Fontius Co"", ""role"": ""Founder"", ""slide"": 15}, {""name"": ""Andrea Bilbao Customer"", ""role"": ""Founder"", ""slide"": 15}, {""name"": ""Richard Kunert"", ""role"": ""Founder"", ""slide"": 15}, {""name"": ""Michael Tegtmeier Founder"", ""role"": ""Founder"", ""slide"": 15}]"
turbulent.txt,5,"[{""name"": ""Manager Cco Dr Maria"", ""role"": ""Founder"", ""slide"": 23}, {""name"": ""Cto Geert"", ""role"": ""Founder"", ""slide"": 23}, {""name"": ""Coo Luc Berben"", ""role"": ""Founder"", ""slide"": 23}, {""name"": ""Dr Maria-elvira"", ""role"": ""Founder"", ""slide"": 23}, {""name"": ""Dhv Qatar 2009-2014"", ""role"": ""Founder"", ""slide"": 23}]"
twikit.txt,2,"[{""name"": ""Martijn Joris Co"", ""role"": ""Founder"", ""slide"": 15}, {""name"": ""Joris Co-founder"", ""role"": ""Founder"", ""slide"": 15}]"
twinsity.txt,1,"[{""name"": ""Fabien Chalas Ceo Co"", ""role"": ""Founder"", ""slide"": 9}]"
uavia.txt,2,"[{""name"": ""Ment Co"", ""role"": ""Founder"", ""slide"": 13}, {""name"": ""Www Uavia Eu"", ""role"": ""Founder"", ""slide"": 13}]"
uware.txt,0,[]
uware2.txt,0,[]
uze.txt,4,"[{""name"": ""Juices Up Innovation Co"", ""role"": ""Founder"", ""slide"": 8}, {""name"": ""David"", ""role"": ""Founder"", ""slide"": 8}, {""name"": ""Dieter Schotte Co"", ""role"": ""Founder"", ""slide"": 17}, {""name"": ""Don"", ""role"": ""Founder"", ""slide"": 18}]"
v2i.txt,14,"[{""name"": ""Liege"", ""role"": ""Founder"", ""slide"": 1}, {""name"": ""Info V2i Be"", ""role"": ""Founder"", ""slide"": 1}, {""name"": ""Buy Buy"", ""role"": ""Founder"", ""slide"": 1}, {""name"": ""Simon Simon Simon"", ""role"": ""Founder"", ""slide"": 1}, {""name"": ""Mesure"", ""role"": ""Founder"", ""slide"": 1}, {""name"": ""Siemens Bruel Kjaer M P International"", ""role"": ""Founder"", ""slide"": 1}, {""name"": ""Tailor"", ""role"": ""Founder"", ""slide"": 1}, {""name"": ""Frost Sullivan"", ""role"": ""Founder"", ""slide"": 1}, {""name"": ""O-smart Smart Smart Innovation"", ""role"": ""Founder"", ""slide"": 1}, {""name"": ""Bottom"", ""role"": ""Founder"", ""slide"": 1}, {""name"": ""Maintability O. 1 Month"", ""role"": ""Founder"", ""slide"": 1}, {""name"": ""Types"", ""role"": ""Founder"", ""slide"": 1}, {""name"": ""Htva Htva Htva Htva Htva Solution"", ""role"": ""Founder"", ""slide"": 1}, {""name"": ""John Cockerill"", ""role"": ""Founder"", ""slide"": 1}]"
variolytics.txt,1,"[{""name"": ""Johann"", ""role"": ""Founder"", ""slide"": 15}]"
vernaio.txt,5,"[{""name"": ""Chief Ai Scientist Coo"", ""role"": ""Founder"", ""slide"": 2}, {""name"": ""Henry Monzon"", ""role"": ""Founder"", ""slide"": 2}, {""name"": ""Gpu S"", ""role"": ""Founder"", ""slide"": 2}, {""name"": ""Coo-founder"", ""role"": ""Founder"", ""slide"": 2}, {""name"": ""Robert Meissner"", ""role"": ""Founder"", ""slide"": 2}]"
viridianlithium.txt,3,"[{""name"": ""My Welschinger President"", ""role"": ""Founder"", ""slide"": 14}, {""name"": ""John Starink"", ""role"": ""Founder"", ""slide"": 14}, {""name"": ""David Maree"", ""role"": ""Founder"", ""slide"": 14}]"
visiontechnology.txt,2,"[{""name"": ""Vc Fundraiser"", ""role"": ""Founder"", ""slide"": 19}, {""name"": ""Etienne Bimbeau"", ""role"": ""Founder"", ""slide"": 19}]"
visplore.txt,6,"[{""name"": ""Management Co"", ""role"": ""Founder"", ""slide"": 17}, {""name"": ""Noora Lehtonen"", ""role"": ""Founder"", ""slide"": 17}, {""name"": ""Dr Raphael Sahann"", ""role"": ""Founder"", ""slide"": 17}, {""name"": ""Eu"", ""role"": ""Founder"", ""slide"": 17}, {""name"": ""Dr Harald"", ""role"": ""Founder"", ""slide"": 17}, {""name"": ""Cto Dr Thomas M"", ""role"": ""Founder"", ""slide"": 17}]"
vocsens.txt,2,"[{""name"": ""Contact Thomas Walewyns Co"", ""role"": ""Founder"", ""slide"": 17}, {""name"": ""Thomas Walewyns"", ""role"": ""Founder"", ""slide"": 17}]"
voleatech.txt,0,[]
vulkam.txt,1,"[{""name"": ""Bastien Gravier Co"", ""role"": ""Founder"", ""slide"": 11}]"
wainvame.txt,0,[]
waterhorizon.txt,0,[]
waterstuffsun.txt,4,"[{""name"": ""Economy Experts And Long"", ""role"": ""Founder"", ""slide"": 17}, {""name"": ""Sun Gmbh"", ""role"": ""Founder"", ""slide"": 17}, {""name"": ""Thomas Korn"", ""role"": ""Founder"", ""slide"": 17}, {""name"": ""Keyou Jonas"", ""role"": ""Founder"", ""slide"": 17}]"
watt4ever.txt,2,"[{""name"": ""Founders Aimilios Orfanos Co"", ""role"": ""Founder"", ""slide"": 9}, {""name"": ""Fredericq Peigneux"", ""role"": ""Founder"", ""slide"": 9}]"
wattalps.txt,0,[]
wayout.txt,0,[]
wespran.txt,2,"[{""name"": ""Cer"", ""role"": ""Founder"", ""slide"": 19}, {""name"": ""Tmt"", ""role"": ""Founder"", ""slide"": 19}]"
wiidetect.txt,9,"[{""name"": ""Sorting Algorithm For Re"", ""role"": ""Founder"", ""slide"": 1}, {""name"": ""Foster"", ""role"": ""Founder"", ""slide"": 1}, {""name"": ""Xavier Romero"", ""role"": ""Founder"", ""slide"": 1}, {""name"": ""Richard Lagalisse"", ""role"": ""Founder"", ""slide"": 1}, {""name"": ""Richard Fort"", ""role"": ""Founder"", ""slide"": 1}, {""name"": ""John"", ""role"": ""Founder"", ""slide"": 1}, {""name"": ""Lle"", ""role"": ""Founder"", ""slide"": 1}, {""name"": ""Roadmap"", ""role"": ""Founder"", ""slide"": 1}, {""name"": ""Australia Wiidetect"", ""role"": ""Founder"", ""slide"": 1}]"
windfisher.txt,17,"[{""name"": ""Help Industrialists And Out"", ""role"": ""Founder"", ""slide"": 1}, {""name"": ""Garrett Smith Wind-sher"", ""role"": ""Founder"", ""slide"": 1}, {""name"": ""Co2e Kwh"", ""role"": ""Founder"", ""slide"": 1}, {""name"": ""Cerf- Steering"", ""role"": ""Founder"", ""slide"": 1}, {""name"": ""Skysars Kitepower Twingtec Kitemill"", ""role"": ""Founder"", ""slide"": 1}, {""name"": ""Philippe Alexandre Business Innovation Engie Green"", ""role"": ""Founder"", ""slide"": 1}, {""name"": ""The Garrett Smith-ceo"", ""role"": ""Founder"", ""slide"": 1}, {""name"": ""Armand Tardella Phd-cto"", ""role"": ""Founder"", ""slide"": 1}, {""name"": ""Ben Struss-investor"", ""role"": ""Founder"", ""slide"": 1}, {""name"": ""Cyril Barballo-associate Alpes Audit Advice"", ""role"": ""Founder"", ""slide"": 1}, {""name"": ""Amandine Tesson-founder"", ""role"": ""Founder"", ""slide"": 1}, {""name"": ""Gilles-kotlyar-cco"", ""role"": ""Founder"", ""slide"": 1}, {""name"": ""Wind-sher"", ""role"": ""Founder"", ""slide"": 1}, {""name"": ""Sora"", ""role"": ""Founder"", ""slide"": 1}, {""name"": ""Regulatory"", ""role"": ""Founder"", ""slide"": 1}, {""name"": ""Https Vimeo"", ""role"": ""Founder"", ""slide"": 1}, {""name"": ""Wind Fisher - Daily"", ""role"": ""Founder"", ""slide"": 1}]"
wizata.txt,0,[]
worms2.txt,7,"[{""name"": ""Jean"", ""role"": ""Founder"", ""slide"": 16}, {""name"": ""Jacky Product Emil"", ""role"": ""Founder"", ""slide"": 16}, {""name"": ""Lamine Cto"", ""role"": ""Founder"", ""slide"": 16}, {""name"": ""Frederic Partner"", ""role"": ""Founder"", ""slide"": 16}, {""name"": ""Dir Soitec"", ""role"": ""Founder"", ""slide"": 16}, {""name"": ""Araymond Fr"", ""role"": ""Founder"", ""slide"": 16}, {""name"": ""Supernova Cea"", ""role"": ""Founder"", ""slide"": 16}]"
xeryon.txt,0,[]
yazzoom.txt,0,[]
ysenergiesmarines.txt,2,"[{""name"": ""Controlled Long"", ""role"": ""Founder"", ""slide"": 4}, {""name"": ""Corinne Dubois Founder"", ""role"": ""Founder"", ""slide"": 4}]"
zensor.txt,0,[]
zeppsolutions.txt,2,"[{""name"": ""Pioneering Cutting"", ""role"": ""Founder"", ""slide"": 38}, {""name"": ""Cv Linkedin Kevin"", ""role"": ""Founder"", ""slide"": 38}]"
zorabots.txt,0,[]
