doc;gotomarket
247energy.pdf;2022
actblade.pdf;2024
actronika.pdf;2024
adlatusrobotics.pdf;2023
adlc.pdf;2019
aerleum.pdf;2024
aiblox.pdf;2023
airbooster.pdf;2024
aircision.pdf;2025
airthium.pdf;2020
aithra.pdf;2026
akryvia.pdf;2025
akvola.pdf;2022
alberts.pdf;2020
aloecell.pdf;2022
alouette.pdf;2025
aloxy.pdf;2024
altosolution.pdf;2024
altransenergy.pdf;2024
amethyste.pdf;2024
amflow.pdf;2023
amiraltechnologies.pdf;2024
anabrid.pdf;2022
ananke.pdf;2025
angara.pdf;2024
anisoprint.pdf;2026
appsilon.pdf;2026
aprexsolutions.pdf;2024
aquilae.pdf;2024
aredox.pdf;2017
arkcapturesolutions.pdf;2027
arkeocean.pdf;2024
askforthemoon.pdf;2023
askforthemoon2.pdf;2023
astriis.pdf;2027
atmocoat.pdf;2022
avoxt.pdf;2023
awakemobility.pdf;2022
axfenergy.pdf;2024
azteq.pdf;2020
azteq2.pdf;2020
batiprint3d.pdf;2024
beagle.pdf;2022
bianergy2.pdf;2024
biocide.pdf;2020
blixt.pdf;2024
bloom.pdf;2027
bluepowersynergy.pdf;2020
bondzai.pdf;2023
bonidriver.pdf;2023
borealesenergy.pdf;2023
brighterbins.pdf;2021
brolz.pdf;2023
bulane.pdf;2024
carbodown.pdf;2024
carbon8.pdf;2025
carbyon2.pdf;2030
chemalive.pdf;2021
chemicalnewtech.pdf;2018
cilkoa.pdf;2025
cixten.pdf;2025
clhynn.pdf;2027
cognifab.pdf;2023
coldpad.pdf;2023
coldpad2.pdf;2022
companionenergy.pdf;2023
comppair.pdf;2024
comsens.pdf;2024
condugo.pdf;2017
cosmotech.pdf;2025
covess.pdf;2023
credoxys.pdf;2022
ctrlenergy.pdf;2022
cybus.pdf;2022
dacma.pdf;2024
deephawk.pdf;2023
deloq.pdf;2024
diamfab.pdf;2026
dimpora.pdf;2024
dionymer.pdf;2024
dotocean.pdf;2023
dragonflypads2.pdf;2019
dronematrix.pdf;2019
dropslab.pdf;2023
dryad.pdf;2024
ecellix.pdf;2025
echemicles.pdf;2026
eco2grow.pdf;2024
ecobot.pdf;2023
ecop.pdf;2024
edgetech.pdf;2024
edock.pdf;2024
effectsphotonics.pdf;2025
effitrax.pdf;2025
ehgroup.pdf;2022
electriq.pdf;2030
electrochaea.pdf;2030
elugie.pdf;2024
enadyne.pdf;2025
enhywhere2.pdf;2030
enosis.pdf;2030
enow.pdf;2024
enprove.pdf;2023
entent.pdf;2017
entras.pdf;2023
esnah.pdf;2022
eternalpower.pdf;2024
ethernics.pdf;2024
everysens.pdf;2020
exanodia.pdf;2024
exomatter.pdf;2024
extracthive.pdf;2026
farwind.pdf;2024
fibersail2.pdf;2017
flasc.pdf;2024
flasc2.pdf;2024
flyability.pdf;2017
flyability2.pdf;2017
followinspiration.pdf;2023
forecastyai.pdf;2022
fountainfuel.pdf;2022
genesink.pdf;2024
genhy.pdf;2024
geolith.pdf;2024
ghyga.pdf;2024
grandperspective.pdf;2024
gravithy.pdf;2028
greengentech.pdf;2024
greenyenergyag.pdf;2025
grizit.pdf;2023
grownbio.pdf;2023
h2sys.pdf;2022
hace.pdf;2028
hawaitech.pdf;2026
hbat.pdf;2026
heliac.pdf;2019
heliup2.pdf;2025
hevatech.pdf;2017
hexana.pdf;2025
hexana2.pdf;2025
highline.pdf;2024
hiqutediamond.pdf;2028
hoeller.pdf;2024
holosolis.pdf;2028
holy.pdf;2024
huskk.pdf;2023
hysilabs.pdf;2027
hyve.pdf;2024
hywaves.pdf;2024
icodos.pdf;2024
imsystems.pdf;2027
independentlivingbase.pdf;2022
ineratec.pdf;2026
infiniciag.pdf;2024
inflights.pdf;2019
infrasolid.pdf;2024
inphocal.pdf;2022
insens.pdf;2023
intelligentfluids.pdf;2024
internest.pdf;2026
inuse.pdf;2023
ionics.pdf;2024
ipsumtek.pdf;2023
iqunet.pdf;2024
istya.pdf;2024
japet.pdf;2024
keeyaerogel.pdf;2024
keeyaerogel2.pdf;2024
keiron.pdf;2024
kemiwatt.pdf;2023
kheoos.pdf;2022
komugi.pdf;2024
kooping.pdf;2024
lancey.pdf;2027
laserco.pdf;2026
latannerievegetale.pdf;2024
leviathandynamics2.pdf;2023
lichens.pdf;2024
lionvolt.pdf;2026
lithcote.pdf;2022
litherm.pdf;2024
maana.pdf;2025
machine2humansolutions.pdf;2023
magreesource.pdf;2024
manaa.pdf;2024
mantispectra.pdf;2025
mariepoppies.pdf;2024
matvision.pdf;2024
mcve.pdf;2024
mcve3.pdf;2024
mcve4.pdf;2024
meam.pdf;2024
mecabotix.pdf;2024
mecawareA.pdf;2024
metaliq.pdf;2024
mirsense.pdf;2024
mitis.pdf;2020
mobenergy.pdf;2024
mobilitywork.pdf;2023
mobito.pdf;2021
moiz.pdf;2024
molecularplasmagroup.pdf;2024
muodim.pdf;2024
myjiminy.pdf;2023
nanoz.pdf;2024
nature2need.pdf;2024
neextengineering.pdf;2024
nestwave.pdf;2024
neurala.pdf;2026
nextind.pdf;2023
nexwafe.pdf;2024
nexxoil.pdf;2024
nexxtlab.pdf;2022
nimbleone.pdf;2024
nimesis.pdf;2025
novacarbon.pdf;2026
novali3.pdf;2024
novocycle.pdf;2026
novomof.pdf;2024
obeia.pdf;2024
octofan.pdf;2024
oghji.pdf;2024
ollow.pdf;2024
onewatt.pdf;2024
oppr.pdf;2023
otiv.pdf;2020
otiv2.pdf;2023
ouat!.pdf;2023
oxylum.pdf;2025
packwise.pdf;2022
pathrobotics.pdf;2023
pepps.pdf;2024
phoenixai.pdf;2023
phytonics.pdf;2024
polypea.pdf;2025
powerlubecontrol.pdf;2024
pozyx.pdf;2022
propellane.pdf;2025
purenat2.pdf;2025
pydro.pdf;2020
qualitics.pdf;2023
reeverse.pdf;2023
rein4ced.pdf;2024
rejuice.pdf;2020
renewind.pdf;2024
replace.pdf;2023
ridergy.pdf;2024
rift.pdf;2028
roav7.pdf;2022
rosi.pdf;2025
roth2.pdf;2028
rovenso.pdf;2023
sakowin.pdf;2027
saturnetechnology.pdf;2024
senergetics.pdf;2024
senodis.pdf;2024
senorics.pdf;2022
senseven.pdf;2023
sereema.pdf;2024
sesam.pdf;2022
shayp.pdf;2025
sironatechnologies.pdf;2024
skydrone.pdf;2024
sogilis.pdf;2023
soluterials.pdf;2024
soomiq.pdf;2020
spark2.pdf;2025
spotlight.pdf;2024
spreeinteractive.pdf;2023
squairtech.pdf;2023
staaq.pdf;2024
stabilogreen.pdf;2024
starcopter.pdf;2024
stargate.pdf;2024
storh.pdf;2024
sublimeenergie.pdf;2024
sunlion.pdf;2024
sunmaxx.pdf;2020
sunmaxx2.pdf;2024
supairvision.pdf;2020
swanh.pdf;2024
swoopenergy.pdf;2024
sylfen.pdf;2025
teeptrak2.pdf;2023
terakalis.pdf;2024
teratonics.pdf;2024
theyeq.pdf;2023
threedy.pdf;2023
tiamat.pdf;2023
tihive.pdf;2025
torwash.pdf;2025
tozero.pdf;2026
tractonomy.pdf;2023
turbit.pdf;2022
turbulent.pdf;2024
twikit.pdf;2023
twinsity.pdf;2022
uavia.pdf;2025
uware.pdf;2023
uware2.pdf;2023
uze.pdf;2024
v2i.pdf;2024
variolytics.pdf;2023
vernaio.pdf;2023
viridianlithium.pdf;2025
visiontechnology.pdf;2024
visplore.pdf;2022
vocsens.pdf;2024
voleatech.pdf;2024
vulkam.pdf;2024
wainvame.pdf;2028
waterhorizon.pdf;2020
waterstuffsun.pdf;2027
watt4ever.pdf;2022
wattalps.pdf;2022
wayout.pdf;2020
wespran.pdf;2025
wiidetect.pdf;2024
windfisher.pdf;2024
wizata.pdf;2023
worms2.pdf;2025
xeryon.pdf;2023
yazzoom.pdf;2024
ysenergiesmarines.pdf;2028
zensor.pdf;2024
zeppsolutions.pdf;2022
zorabots.pdf;2024
